13585231,192.168.1.71,macOS 14.2.1,mehuls-macbook-pro,local,MAC-982B68,2024-03-19T13:24:44Z,Assets;Hosts
13652723,172.31.24.225,Debian Linux 12.5,ip-172-31-24-225,ec2.internal,,2024-03-12T00:56:30Z,Assets;Hosts
13653267,172.31.90.255,,ip-172-31-90-255,ec2.internal,,2024-03-12T00:43:34Z,Assets;Hosts
14057679,172.31.85.46,SuSE Linux Enterprise Server 15 SP5,ip-172-31-85-46,ec2.internal,,2024-03-17T23:08:30Z,Assets;Hosts
14060258,172.31.94.119,Ubuntu Linux 20.04.5,ip-172-31-94-119,ec2.internal,,2024-03-17T22:21:55Z,Assets;Hosts
14064984,172.31.81.107,Windows 2016,ec2amaz-dufqjr0,,EC2AMAZ-DUFQJR0,2024-03-18T01:02:01Z,Assets;Hosts
14067171,172.31.93.22,Amazon Linux 2023,ip-172-31-93-22,ec2.internal,,2024-03-17T23:08:28Z,Assets;Hosts
14068525,172.31.86.243,Windows Server 2016 Datacenter 64 bit Edition Version 1607,ec2amaz-bifvveq,,EC2AMAZ-BIFVVEQ,2024-03-18T01:01:07Z,Assets;Hosts
