:START_ID(Cve-ID),:END_ID(Ransomware-ID),:TYPE
CVE-2007-1036,Ransomware-0,EXPLOITED_BY
CVE-2017-10271,Ransomware-0,EXPLOITED_BY
CVE-2018-10561,Ransomware-0,EXPLOITED_BY
CVE-2018-10562,Ransomware-0,EXPLOITED_BY
CVE-2018-7600,Ransomware-0,EXPLOITED_BY
CVE-2019-2725,Ransomware-0,EXPLOITED_BY
CVE-2007-1036,Ransomware-1,EXPLOITED_BY
CVE-2017-10271,Ransomware-1,EXPLOITED_BY
CVE-2018-10561,Ransomware-1,EXPLOITED_BY
CVE-2018-10562,Ransomware-1,EXPLOITED_BY
CVE-2018-7600,Ransomware-1,EXPLOITED_BY
CVE-2019-2725,Ransomware-1,EXPLOITED_BY
CVE-2020-2509,Ransomware-1,EXPLOITED_BY
CVE-2020-36195,Ransomware-1,EXPLOITED_BY
CVE-2007-1036,Ransomware-2,EXPLOITED_BY
CVE-2010-0738,Ransomware-2,EXPLOITED_BY
CVE-2010-1428,Ransomware-2,EXPLOITED_BY
CVE-2012-0874,Ransomware-2,EXPLOITED_BY
CVE-2012-3347,Ransomware-2,EXPLOITED_BY
CVE-2008-3431,Ransomware-3,EXPLOITED_BY
CVE-2009-0824,Ransomware-3,EXPLOITED_BY
CVE-2010-1592,Ransomware-3,EXPLOITED_BY
CVE-2013-0322,Ransomware-3,EXPLOITED_BY
CVE-2017-15302,Ransomware-3,EXPLOITED_BY
CVE-2018-19320,Ransomware-3,EXPLOITED_BY
CVE-2009-3960,Ransomware-4,EXPLOITED_BY
CVE-2010-2861,Ransomware-4,EXPLOITED_BY
CVE-2018-13379,Ransomware-4,EXPLOITED_BY
CVE-2010-0188,Ransomware-5,EXPLOITED_BY
CVE-2012-0507,Ransomware-5,EXPLOITED_BY
CVE-2012-1723,Ransomware-5,EXPLOITED_BY
CVE-2013-0074,Ransomware-5,EXPLOITED_BY
CVE-2015-2551,Ransomware-5,EXPLOITED_BY
CVE-2015-7465,Ransomware-5,EXPLOITED_BY
CVE-2015-8651,Ransomware-5,EXPLOITED_BY
CVE-2016-0189,Ransomware-5,EXPLOITED_BY
CVE-2016-1019,Ransomware-5,EXPLOITED_BY
CVE-2016-4117,Ransomware-5,EXPLOITED_BY
CVE-2017-0199,Ransomware-5,EXPLOITED_BY
CVE-2017-5638,Ransomware-5,EXPLOITED_BY
CVE-2019-2725,Ransomware-5,EXPLOITED_BY
CVE-2020-0986,Ransomware-5,EXPLOITED_BY
CVE-2021-1675,Ransomware-5,EXPLOITED_BY
CVE-2021-22205,Ransomware-5,EXPLOITED_BY
CVE-2021-26084,Ransomware-5,EXPLOITED_BY
CVE-2021-26411,Ransomware-5,EXPLOITED_BY
CVE-2021-34527,Ransomware-5,EXPLOITED_BY
CVE-2021-40444,Ransomware-5,EXPLOITED_BY
CVE-2022-26134,Ransomware-5,EXPLOITED_BY
CVE-2022-26138,Ransomware-5,EXPLOITED_BY
CVE-2023-24880,Ransomware-5,EXPLOITED_BY
CVE-2010-0188,Ransomware-6,EXPLOITED_BY
CVE-2012-0507,Ransomware-6,EXPLOITED_BY
CVE-2012-1723,Ransomware-6,EXPLOITED_BY
CVE-2013-0074,Ransomware-6,EXPLOITED_BY
CVE-2010-0188,Ransomware-7,EXPLOITED_BY
CVE-2012-0507,Ransomware-7,EXPLOITED_BY
CVE-2012-1723,Ransomware-7,EXPLOITED_BY
CVE-2013-0074,Ransomware-7,EXPLOITED_BY
CVE-2010-0188,Ransomware-8,EXPLOITED_BY
CVE-2012-0507,Ransomware-8,EXPLOITED_BY
CVE-2012-1723,Ransomware-8,EXPLOITED_BY
CVE-2013-0074,Ransomware-8,EXPLOITED_BY
CVE-2010-0188,Ransomware-9,EXPLOITED_BY
CVE-2012-0507,Ransomware-9,EXPLOITED_BY
CVE-2012-1723,Ransomware-9,EXPLOITED_BY
CVE-2013-0074,Ransomware-9,EXPLOITED_BY
CVE-2010-0188,Ransomware-10,EXPLOITED_BY
CVE-2012-0507,Ransomware-10,EXPLOITED_BY
CVE-2012-1723,Ransomware-10,EXPLOITED_BY
CVE-2013-0074,Ransomware-10,EXPLOITED_BY
CVE-2019-11634,Ransomware-10,EXPLOITED_BY
CVE-2019-19781,Ransomware-10,EXPLOITED_BY
CVE-2020-1472,Ransomware-10,EXPLOITED_BY
CVE-2021-27101,Ransomware-10,EXPLOITED_BY
CVE-2021-27102,Ransomware-10,EXPLOITED_BY
CVE-2021-27103,Ransomware-10,EXPLOITED_BY
CVE-2021-27104,Ransomware-10,EXPLOITED_BY
CVE-2021-35211,Ransomware-10,EXPLOITED_BY
CVE-2010-0188,Ransomware-11,EXPLOITED_BY
CVE-2012-0507,Ransomware-11,EXPLOITED_BY
CVE-2012-1723,Ransomware-11,EXPLOITED_BY
CVE-2013-0074,Ransomware-11,EXPLOITED_BY
CVE-2010-0188,Ransomware-12,EXPLOITED_BY
CVE-2012-0507,Ransomware-12,EXPLOITED_BY
CVE-2012-1723,Ransomware-12,EXPLOITED_BY
CVE-2013-0074,Ransomware-12,EXPLOITED_BY
CVE-2010-0188,Ransomware-13,EXPLOITED_BY
CVE-2012-0158,Ransomware-13,EXPLOITED_BY
CVE-2012-0507,Ransomware-13,EXPLOITED_BY
CVE-2012-1710,Ransomware-13,EXPLOITED_BY
CVE-2012-1723,Ransomware-13,EXPLOITED_BY
CVE-2013-0074,Ransomware-13,EXPLOITED_BY
CVE-2013-3993,Ransomware-13,EXPLOITED_BY
CVE-2014-0569,Ransomware-13,EXPLOITED_BY
CVE-2015-1701,Ransomware-13,EXPLOITED_BY
CVE-2015-2551,Ransomware-13,EXPLOITED_BY
CVE-2016-1019,Ransomware-13,EXPLOITED_BY
CVE-2010-0188,Ransomware-14,EXPLOITED_BY
CVE-2012-0507,Ransomware-14,EXPLOITED_BY
CVE-2012-1723,Ransomware-14,EXPLOITED_BY
CVE-2013-0074,Ransomware-14,EXPLOITED_BY
CVE-2010-0188,Ransomware-15,EXPLOITED_BY
CVE-2012-1723,Ransomware-15,EXPLOITED_BY
CVE-2012-4681,Ransomware-15,EXPLOITED_BY
CVE-2012-5076,Ransomware-15,EXPLOITED_BY
CVE-2010-0738,Ransomware-16,EXPLOITED_BY
CVE-2013-4810,Ransomware-16,EXPLOITED_BY
CVE-2017-10271,Ransomware-16,EXPLOITED_BY
CVE-2017-12149,Ransomware-16,EXPLOITED_BY
CVE-2017-12615,Ransomware-16,EXPLOITED_BY
CVE-2017-5638,Ransomware-16,EXPLOITED_BY
CVE-2018-11776,Ransomware-16,EXPLOITED_BY
CVE-2018-1273,Ransomware-16,EXPLOITED_BY
CVE-2018-2894,Ransomware-16,EXPLOITED_BY
CVE-2010-0738,Ransomware-17,EXPLOITED_BY
CVE-2010-1428,Ransomware-17,EXPLOITED_BY
CVE-2010-0738,Ransomware-18,EXPLOITED_BY
CVE-2015-1427,Ransomware-18,EXPLOITED_BY
CVE-2017-0143,Ransomware-18,EXPLOITED_BY
CVE-2017-0144,Ransomware-18,EXPLOITED_BY
CVE-2017-0145,Ransomware-18,EXPLOITED_BY
CVE-2017-0146,Ransomware-18,EXPLOITED_BY
CVE-2017-0147,Ransomware-18,EXPLOITED_BY
CVE-2017-10271,Ransomware-18,EXPLOITED_BY
CVE-2017-12149,Ransomware-18,EXPLOITED_BY
CVE-2017-12615,Ransomware-18,EXPLOITED_BY
CVE-2017-8046,Ransomware-18,EXPLOITED_BY
CVE-2018-1273,Ransomware-18,EXPLOITED_BY
CVE-2018-2894,Ransomware-18,EXPLOITED_BY
CVE-2019-9081,Ransomware-18,EXPLOITED_BY
CVE-2010-0840,Ransomware-19,EXPLOITED_BY
CVE-2012-0507,Ransomware-19,EXPLOITED_BY
CVE-2012-1723,Ransomware-19,EXPLOITED_BY
CVE-2012-4681,Ransomware-19,EXPLOITED_BY
CVE-2012-5076,Ransomware-19,EXPLOITED_BY
CVE-2013-0074,Ransomware-19,EXPLOITED_BY
CVE-2013-0422,Ransomware-19,EXPLOITED_BY
CVE-2013-0431,Ransomware-19,EXPLOITED_BY
CVE-2013-1493,Ransomware-19,EXPLOITED_BY
CVE-2013-2423,Ransomware-19,EXPLOITED_BY
CVE-2014-8439,Ransomware-19,EXPLOITED_BY
CVE-2015-0310,Ransomware-19,EXPLOITED_BY
CVE-2015-0311,Ransomware-19,EXPLOITED_BY
CVE-2015-2551,Ransomware-19,EXPLOITED_BY
CVE-2012-0158,Ransomware-20,EXPLOITED_BY
CVE-2012-0507,Ransomware-21,EXPLOITED_BY
CVE-2012-0507,Ransomware-22,EXPLOITED_BY
CVE-2012-1723,Ransomware-22,EXPLOITED_BY
CVE-2013-0074,Ransomware-22,EXPLOITED_BY
CVE-2012-0507,Ransomware-23,EXPLOITED_BY
CVE-2012-1723,Ransomware-23,EXPLOITED_BY
CVE-2013-0074,Ransomware-23,EXPLOITED_BY
CVE-2019-5039,Ransomware-23,EXPLOITED_BY
CVE-2012-0507,Ransomware-24,EXPLOITED_BY
CVE-2012-1723,Ransomware-24,EXPLOITED_BY
CVE-2013-0074,Ransomware-24,EXPLOITED_BY
CVE-2012-0507,Ransomware-25,EXPLOITED_BY
CVE-2012-1723,Ransomware-25,EXPLOITED_BY
CVE-2013-0074,Ransomware-25,EXPLOITED_BY
CVE-2012-0507,Ransomware-26,EXPLOITED_BY
CVE-2012-1723,Ransomware-26,EXPLOITED_BY
CVE-2013-0074,Ransomware-26,EXPLOITED_BY
CVE-2012-0507,Ransomware-27,EXPLOITED_BY
CVE-2012-0507,Ransomware-28,EXPLOITED_BY
CVE-2012-1723,Ransomware-28,EXPLOITED_BY
CVE-2013-0074,Ransomware-28,EXPLOITED_BY
CVE-2012-0507,Ransomware-29,EXPLOITED_BY
CVE-2012-1723,Ransomware-29,EXPLOITED_BY
CVE-2013-0074,Ransomware-29,EXPLOITED_BY
CVE-2012-0507,Ransomware-30,EXPLOITED_BY
CVE-2012-1723,Ransomware-30,EXPLOITED_BY
CVE-2013-0074,Ransomware-30,EXPLOITED_BY
CVE-2012-0507,Ransomware-31,EXPLOITED_BY
CVE-2012-1723,Ransomware-31,EXPLOITED_BY
CVE-2013-0074,Ransomware-31,EXPLOITED_BY
CVE-2012-0507,Ransomware-32,EXPLOITED_BY
CVE-2012-1723,Ransomware-32,EXPLOITED_BY
CVE-2013-0074,Ransomware-32,EXPLOITED_BY
CVE-2012-0507,Ransomware-33,EXPLOITED_BY
CVE-2013-0074,Ransomware-33,EXPLOITED_BY
CVE-2013-0634,Ransomware-33,EXPLOITED_BY
CVE-2013-2465,Ransomware-33,EXPLOITED_BY
CVE-2013-2729,Ransomware-33,EXPLOITED_BY
CVE-2013-3660,Ransomware-33,EXPLOITED_BY
CVE-2014-0556,Ransomware-33,EXPLOITED_BY
CVE-2015-2551,Ransomware-33,EXPLOITED_BY
CVE-2015-3105,Ransomware-33,EXPLOITED_BY
CVE-2015-8446,Ransomware-33,EXPLOITED_BY
CVE-2012-0507,Ransomware-34,EXPLOITED_BY
CVE-2012-1723,Ransomware-34,EXPLOITED_BY
CVE-2013-0074,Ransomware-34,EXPLOITED_BY
CVE-2012-0507,Ransomware-35,EXPLOITED_BY
CVE-2012-1723,Ransomware-35,EXPLOITED_BY
CVE-2013-0074,Ransomware-35,EXPLOITED_BY
CVE-2012-0507,Ransomware-36,EXPLOITED_BY
CVE-2012-1723,Ransomware-36,EXPLOITED_BY
CVE-2013-0074,Ransomware-36,EXPLOITED_BY
CVE-2012-0507,Ransomware-37,EXPLOITED_BY
CVE-2012-1723,Ransomware-37,EXPLOITED_BY
CVE-2013-0074,Ransomware-37,EXPLOITED_BY
CVE-2012-0507,Ransomware-38,EXPLOITED_BY
CVE-2012-1723,Ransomware-38,EXPLOITED_BY
CVE-2013-0074,Ransomware-38,EXPLOITED_BY
CVE-2016-0189,Ransomware-38,EXPLOITED_BY
CVE-2017-10271,Ransomware-38,EXPLOITED_BY
CVE-2017-18362,Ransomware-38,EXPLOITED_BY
CVE-2018-15982,Ransomware-38,EXPLOITED_BY
CVE-2018-4878,Ransomware-38,EXPLOITED_BY
CVE-2018-8120,Ransomware-38,EXPLOITED_BY
CVE-2018-8174,Ransomware-38,EXPLOITED_BY
CVE-2018-8440,Ransomware-38,EXPLOITED_BY
CVE-2019-2725,Ransomware-38,EXPLOITED_BY
CVE-2019-3396,Ransomware-38,EXPLOITED_BY
CVE-2012-0507,Ransomware-39,EXPLOITED_BY
CVE-2012-1723,Ransomware-39,EXPLOITED_BY
CVE-2013-0074,Ransomware-39,EXPLOITED_BY
CVE-2012-0507,Ransomware-40,EXPLOITED_BY
CVE-2012-1723,Ransomware-40,EXPLOITED_BY
CVE-2013-0074,Ransomware-40,EXPLOITED_BY
CVE-2012-0507,Ransomware-41,EXPLOITED_BY
CVE-2012-1723,Ransomware-41,EXPLOITED_BY
CVE-2013-0074,Ransomware-41,EXPLOITED_BY
CVE-2012-0507,Ransomware-42,EXPLOITED_BY
CVE-2013-0074,Ransomware-42,EXPLOITED_BY
CVE-2012-0507,Ransomware-43,EXPLOITED_BY
CVE-2012-1723,Ransomware-43,EXPLOITED_BY
CVE-2013-0074,Ransomware-43,EXPLOITED_BY
CVE-2012-0507,Ransomware-44,EXPLOITED_BY
CVE-2012-1723,Ransomware-44,EXPLOITED_BY
CVE-2013-0074,Ransomware-44,EXPLOITED_BY
CVE-2012-0507,Ransomware-45,EXPLOITED_BY
CVE-2012-1723,Ransomware-45,EXPLOITED_BY
CVE-2013-0074,Ransomware-45,EXPLOITED_BY
CVE-2012-0507,Ransomware-46,EXPLOITED_BY
CVE-2012-1723,Ransomware-46,EXPLOITED_BY
CVE-2013-0074,Ransomware-46,EXPLOITED_BY
CVE-2012-0507,Ransomware-47,EXPLOITED_BY
CVE-2012-1723,Ransomware-47,EXPLOITED_BY
CVE-2013-0074,Ransomware-47,EXPLOITED_BY
CVE-2012-0507,Ransomware-48,EXPLOITED_BY
CVE-2012-1723,Ransomware-48,EXPLOITED_BY
CVE-2013-0074,Ransomware-48,EXPLOITED_BY
CVE-2013-2551,Ransomware-48,EXPLOITED_BY
CVE-2014-6332,Ransomware-48,EXPLOITED_BY
CVE-2015-2419,Ransomware-48,EXPLOITED_BY
CVE-2015-8651,Ransomware-48,EXPLOITED_BY
CVE-2016-0189,Ransomware-48,EXPLOITED_BY
CVE-2016-1019,Ransomware-48,EXPLOITED_BY
CVE-2012-0507,Ransomware-49,EXPLOITED_BY
CVE-2012-1723,Ransomware-49,EXPLOITED_BY
CVE-2013-0074,Ransomware-49,EXPLOITED_BY
CVE-2012-0507,Ransomware-50,EXPLOITED_BY
CVE-2012-1723,Ransomware-50,EXPLOITED_BY
CVE-2013-0074,Ransomware-50,EXPLOITED_BY
CVE-2018-8453,Ransomware-50,EXPLOITED_BY
CVE-2019-11507,Ransomware-50,EXPLOITED_BY
CVE-2019-11510,Ransomware-50,EXPLOITED_BY
CVE-2019-11539,Ransomware-50,EXPLOITED_BY
CVE-2019-11634,Ransomware-50,EXPLOITED_BY
CVE-2019-19781,Ransomware-50,EXPLOITED_BY
CVE-2019-2725,Ransomware-50,EXPLOITED_BY
CVE-2019-2729,Ransomware-50,EXPLOITED_BY
CVE-2020-0609,Ransomware-50,EXPLOITED_BY
CVE-2020-0610,Ransomware-50,EXPLOITED_BY
CVE-2021-30116,Ransomware-50,EXPLOITED_BY
CVE-2021-30119,Ransomware-50,EXPLOITED_BY
CVE-2021-30120,Ransomware-50,EXPLOITED_BY
CVE-2012-0507,Ransomware-51,EXPLOITED_BY
CVE-2012-1723,Ransomware-51,EXPLOITED_BY
CVE-2013-0074,Ransomware-51,EXPLOITED_BY
CVE-2012-1710,Ransomware-52,EXPLOITED_BY
CVE-2013-3993,Ransomware-52,EXPLOITED_BY
CVE-2017-0144,Ransomware-52,EXPLOITED_BY
CVE-2017-0145,Ransomware-52,EXPLOITED_BY
CVE-2017-0148,Ransomware-52,EXPLOITED_BY
CVE-2018-14665,Ransomware-52,EXPLOITED_BY
CVE-2018-7600,Ransomware-52,EXPLOITED_BY
CVE-2018-7602,Ransomware-52,EXPLOITED_BY
CVE-2018-8140,Ransomware-52,EXPLOITED_BY
CVE-2020-10713,Ransomware-52,EXPLOITED_BY
CVE-2012-1723,Ransomware-53,EXPLOITED_BY
CVE-2013-0074,Ransomware-53,EXPLOITED_BY
CVE-2012-1723,Ransomware-54,EXPLOITED_BY
CVE-2012-4681,Ransomware-55,EXPLOITED_BY
CVE-2013-0074,Ransomware-56,EXPLOITED_BY
CVE-2013-0074,Ransomware-57,EXPLOITED_BY
CVE-2013-0074,Ransomware-58,EXPLOITED_BY
CVE-2013-0074,Ransomware-59,EXPLOITED_BY
CVE-2013-0074,Ransomware-60,EXPLOITED_BY
CVE-2013-0074,Ransomware-61,EXPLOITED_BY
CVE-2013-0074,Ransomware-62,EXPLOITED_BY
CVE-2013-0074,Ransomware-63,EXPLOITED_BY
CVE-2013-0074,Ransomware-64,EXPLOITED_BY
CVE-2013-1493,Ransomware-65,EXPLOITED_BY
CVE-2013-2551,Ransomware-66,EXPLOITED_BY
CVE-2015-0311,Ransomware-66,EXPLOITED_BY
CVE-2015-2419,Ransomware-66,EXPLOITED_BY
CVE-2015-7645,Ransomware-66,EXPLOITED_BY
CVE-2015-8651,Ransomware-66,EXPLOITED_BY
CVE-2016-0034,Ransomware-66,EXPLOITED_BY
CVE-2013-2618,Ransomware-67,EXPLOITED_BY
CVE-2017-0143,Ransomware-67,EXPLOITED_BY
CVE-2017-0144,Ransomware-67,EXPLOITED_BY
CVE-2017-0145,Ransomware-67,EXPLOITED_BY
CVE-2017-0146,Ransomware-67,EXPLOITED_BY
CVE-2017-0147,Ransomware-67,EXPLOITED_BY
CVE-2017-6884,Ransomware-67,EXPLOITED_BY
CVE-2018-12808,Ransomware-67,EXPLOITED_BY
CVE-2018-20685,Ransomware-67,EXPLOITED_BY
CVE-2018-8389,Ransomware-67,EXPLOITED_BY
CVE-2018-8453,Ransomware-67,EXPLOITED_BY
CVE-2019-1069,Ransomware-67,EXPLOITED_BY
CVE-2019-6109,Ransomware-67,EXPLOITED_BY
CVE-2019-6110,Ransomware-67,EXPLOITED_BY
CVE-2019-6111,Ransomware-67,EXPLOITED_BY
CVE-2020-1472,Ransomware-67,EXPLOITED_BY
CVE-2021-40444,Ransomware-67,EXPLOITED_BY
CVE-2013-3900,Ransomware-68,EXPLOITED_BY
CVE-2017-0143,Ransomware-68,EXPLOITED_BY
CVE-2017-0144,Ransomware-68,EXPLOITED_BY
CVE-2017-0145,Ransomware-68,EXPLOITED_BY
CVE-2017-0146,Ransomware-68,EXPLOITED_BY
CVE-2017-0147,Ransomware-68,EXPLOITED_BY
CVE-2017-0148,Ransomware-68,EXPLOITED_BY
CVE-2018-12808,Ransomware-68,EXPLOITED_BY
CVE-2018-13374,Ransomware-68,EXPLOITED_BY
CVE-2018-13379,Ransomware-68,EXPLOITED_BY
CVE-2018-8453,Ransomware-68,EXPLOITED_BY
CVE-2019-11510,Ransomware-68,EXPLOITED_BY
CVE-2019-2725,Ransomware-68,EXPLOITED_BY
CVE-2020-0609,Ransomware-68,EXPLOITED_BY
CVE-2020-0796,Ransomware-68,EXPLOITED_BY
CVE-2020-1472,Ransomware-68,EXPLOITED_BY
CVE-2020-1599,Ransomware-68,EXPLOITED_BY
CVE-2021-1675,Ransomware-68,EXPLOITED_BY
CVE-2021-21985,Ransomware-68,EXPLOITED_BY
CVE-2021-26084,Ransomware-68,EXPLOITED_BY
CVE-2021-27101,Ransomware-68,EXPLOITED_BY
CVE-2021-27102,Ransomware-68,EXPLOITED_BY
CVE-2021-27103,Ransomware-68,EXPLOITED_BY
CVE-2021-27104,Ransomware-68,EXPLOITED_BY
CVE-2021-31207,Ransomware-68,EXPLOITED_BY
CVE-2021-34473,Ransomware-68,EXPLOITED_BY
CVE-2021-34523,Ransomware-68,EXPLOITED_BY
CVE-2021-34527,Ransomware-68,EXPLOITED_BY
CVE-2021-40444,Ransomware-68,EXPLOITED_BY
CVE-2021-44228,Ransomware-68,EXPLOITED_BY
CVE-2014-6287,Ransomware-69,EXPLOITED_BY
CVE-2017-0144,Ransomware-69,EXPLOITED_BY
CVE-2017-0145,Ransomware-69,EXPLOITED_BY
CVE-2017-10271,Ransomware-69,EXPLOITED_BY
CVE-2017-8464,Ransomware-69,EXPLOITED_BY
CVE-2017-9791,Ransomware-69,EXPLOITED_BY
CVE-2018-1000861,Ransomware-69,EXPLOITED_BY
CVE-2018-20062,Ransomware-69,EXPLOITED_BY
CVE-2018-7600,Ransomware-69,EXPLOITED_BY
CVE-2019-9081,Ransomware-69,EXPLOITED_BY
CVE-2015-1641,Ransomware-70,EXPLOITED_BY
CVE-2015-1701,Ransomware-71,EXPLOITED_BY
CVE-2017-0213,Ransomware-71,EXPLOITED_BY
CVE-2019-0708,Ransomware-71,EXPLOITED_BY
CVE-2019-11510,Ransomware-71,EXPLOITED_BY
CVE-2019-1458,Ransomware-71,EXPLOITED_BY
CVE-2019-18935,Ransomware-71,EXPLOITED_BY
CVE-2019-19781,Ransomware-71,EXPLOITED_BY
CVE-2020-0796,Ransomware-71,EXPLOITED_BY
CVE-2015-2551,Ransomware-72,EXPLOITED_BY
CVE-2015-3133,Ransomware-73,EXPLOITED_BY
CVE-2016-0128,Ransomware-74,EXPLOITED_BY
CVE-2016-2118,Ransomware-74,EXPLOITED_BY
CVE-2016-10057,Ransomware-75,EXPLOITED_BY
CVE-2016-10401,Ransomware-75,EXPLOITED_BY
CVE-2017-0144,Ransomware-75,EXPLOITED_BY
CVE-2017-10271,Ransomware-75,EXPLOITED_BY
CVE-2017-12149,Ransomware-75,EXPLOITED_BY
CVE-2018-0986,Ransomware-75,EXPLOITED_BY
CVE-2018-1000136,Ransomware-75,EXPLOITED_BY
CVE-2018-10115,Ransomware-75,EXPLOITED_BY
CVE-2018-20250,Ransomware-75,EXPLOITED_BY
CVE-2018-3639,Ransomware-75,EXPLOITED_BY
CVE-2018-5383,Ransomware-75,EXPLOITED_BY
CVE-2018-5391,Ransomware-75,EXPLOITED_BY
CVE-2018-6789,Ransomware-75,EXPLOITED_BY
CVE-2018-7602,Ransomware-75,EXPLOITED_BY
CVE-2018-9995,Ransomware-75,EXPLOITED_BY
CVE-2016-3088,Ransomware-76,EXPLOITED_BY
CVE-2016-4117,Ransomware-77,EXPLOITED_BY
CVE-2016-4117,Ransomware-78,EXPLOITED_BY
CVE-2016-7200,Ransomware-79,EXPLOITED_BY
CVE-2016-7201,Ransomware-79,EXPLOITED_BY
CVE-2016-7255,Ransomware-80,EXPLOITED_BY
CVE-2018-15982,Ransomware-80,EXPLOITED_BY
CVE-2018-4878,Ransomware-80,EXPLOITED_BY
CVE-2018-8174,Ransomware-80,EXPLOITED_BY
CVE-2018-8453,Ransomware-80,EXPLOITED_BY
CVE-2019-11507,Ransomware-80,EXPLOITED_BY
CVE-2019-11510,Ransomware-80,EXPLOITED_BY
CVE-2019-11539,Ransomware-80,EXPLOITED_BY
CVE-2019-19781,Ransomware-80,EXPLOITED_BY
CVE-2017-0143,Ransomware-81,EXPLOITED_BY
CVE-2017-0145,Ransomware-81,EXPLOITED_BY
CVE-2017-0146,Ransomware-81,EXPLOITED_BY
CVE-2017-0147,Ransomware-81,EXPLOITED_BY
CVE-2017-11882,Ransomware-81,EXPLOITED_BY
CVE-2017-0143,Ransomware-82,EXPLOITED_BY
CVE-2017-0145,Ransomware-82,EXPLOITED_BY
CVE-2017-0146,Ransomware-82,EXPLOITED_BY
CVE-2017-0147,Ransomware-82,EXPLOITED_BY
CVE-2017-0143,Ransomware-83,EXPLOITED_BY
CVE-2017-0144,Ransomware-83,EXPLOITED_BY
CVE-2017-0145,Ransomware-83,EXPLOITED_BY
CVE-2017-0146,Ransomware-83,EXPLOITED_BY
CVE-2017-0147,Ransomware-83,EXPLOITED_BY
CVE-2019-0803,Ransomware-83,EXPLOITED_BY
CVE-2017-0144,Ransomware-84,EXPLOITED_BY
CVE-2017-0145,Ransomware-84,EXPLOITED_BY
CVE-2017-0144,Ransomware-85,EXPLOITED_BY
CVE-2017-0145,Ransomware-86,EXPLOITED_BY
CVE-2017-1000253,Ransomware-87,EXPLOITED_BY
CVE-2017-3197,Ransomware-88,EXPLOITED_BY
CVE-2017-3198,Ransomware-88,EXPLOITED_BY
CVE-2017-7494,Ransomware-89,EXPLOITED_BY
CVE-2018-13379,Ransomware-90,EXPLOITED_BY
CVE-2021-26855,Ransomware-90,EXPLOITED_BY
CVE-2021-26857,Ransomware-90,EXPLOITED_BY
CVE-2021-26858,Ransomware-90,EXPLOITED_BY
CVE-2021-27065,Ransomware-90,EXPLOITED_BY
CVE-2018-13379,Ransomware-91,EXPLOITED_BY
CVE-2019-0708,Ransomware-91,EXPLOITED_BY
CVE-2020-1472,Ransomware-91,EXPLOITED_BY
CVE-2021-22986,Ransomware-91,EXPLOITED_BY
CVE-2021-26084,Ransomware-91,EXPLOITED_BY
CVE-2021-31207,Ransomware-91,EXPLOITED_BY
CVE-2021-34473,Ransomware-91,EXPLOITED_BY
CVE-2021-34523,Ransomware-91,EXPLOITED_BY
CVE-2021-36942,Ransomware-91,EXPLOITED_BY
CVE-2022-22279,Ransomware-91,EXPLOITED_BY
CVE-2022-36537,Ransomware-91,EXPLOITED_BY
CVE-2022-41040,Ransomware-91,EXPLOITED_BY
CVE-2022-41082,Ransomware-91,EXPLOITED_BY
CVE-2023-0699,Ransomware-91,EXPLOITED_BY
CVE-2023-27350,Ransomware-91,EXPLOITED_BY
CVE-2018-13379,Ransomware-92,EXPLOITED_BY
CVE-2019-11510,Ransomware-92,EXPLOITED_BY
CVE-2019-1579,Ransomware-92,EXPLOITED_BY
CVE-2019-19781,Ransomware-92,EXPLOITED_BY
CVE-2020-5902,Ransomware-92,EXPLOITED_BY
CVE-2018-13379,Ransomware-93,EXPLOITED_BY
CVE-2020-12812,Ransomware-93,EXPLOITED_BY
CVE-2022-41040,Ransomware-93,EXPLOITED_BY
CVE-2022-41080,Ransomware-93,EXPLOITED_BY
CVE-2022-41082,Ransomware-93,EXPLOITED_BY
CVE-2018-13379,Ransomware-94,EXPLOITED_BY
CVE-2018-8453,Ransomware-94,EXPLOITED_BY
CVE-2019-1108,Ransomware-94,EXPLOITED_BY
CVE-2019-11510,Ransomware-94,EXPLOITED_BY
CVE-2019-11539,Ransomware-94,EXPLOITED_BY
CVE-2019-1224,Ransomware-94,EXPLOITED_BY
CVE-2019-1225,Ransomware-94,EXPLOITED_BY
CVE-2019-18935,Ransomware-94,EXPLOITED_BY
CVE-2019-19781,Ransomware-94,EXPLOITED_BY
CVE-2019-2725,Ransomware-94,EXPLOITED_BY
CVE-2019-5544,Ransomware-94,EXPLOITED_BY
CVE-2020-0609,Ransomware-94,EXPLOITED_BY
CVE-2020-0610,Ransomware-94,EXPLOITED_BY
CVE-2020-1472,Ransomware-94,EXPLOITED_BY
CVE-2020-16896,Ransomware-94,EXPLOITED_BY
CVE-2020-5902,Ransomware-94,EXPLOITED_BY
CVE-2021-20016,Ransomware-94,EXPLOITED_BY
CVE-2021-26855,Ransomware-94,EXPLOITED_BY
CVE-2021-26857,Ransomware-94,EXPLOITED_BY
CVE-2021-26858,Ransomware-94,EXPLOITED_BY
CVE-2021-27065,Ransomware-94,EXPLOITED_BY
CVE-2021-30116,Ransomware-94,EXPLOITED_BY
CVE-2021-30119,Ransomware-94,EXPLOITED_BY
CVE-2021-30120,Ransomware-94,EXPLOITED_BY
CVE-2018-15982,Ransomware-95,EXPLOITED_BY
CVE-2018-4878,Ransomware-95,EXPLOITED_BY
CVE-2018-8174,Ransomware-95,EXPLOITED_BY
CVE-2019-11510,Ransomware-95,EXPLOITED_BY
CVE-2018-15982,Ransomware-96,EXPLOITED_BY
CVE-2018-4878,Ransomware-96,EXPLOITED_BY
CVE-2018-8174,Ransomware-96,EXPLOITED_BY
CVE-2019-11510,Ransomware-96,EXPLOITED_BY
CVE-2021-34527,Ransomware-96,EXPLOITED_BY
CVE-2022-30190,Ransomware-96,EXPLOITED_BY
CVE-2022-41073,Ransomware-96,EXPLOITED_BY
CVE-2022-44698,Ransomware-96,EXPLOITED_BY
CVE-2018-15982,Ransomware-97,EXPLOITED_BY
CVE-2018-4878,Ransomware-97,EXPLOITED_BY
CVE-2018-8174,Ransomware-97,EXPLOITED_BY
CVE-2019-11507,Ransomware-97,EXPLOITED_BY
CVE-2019-11510,Ransomware-97,EXPLOITED_BY
CVE-2019-11539,Ransomware-97,EXPLOITED_BY
CVE-2018-19320,Ransomware-98,EXPLOITED_BY
CVE-2018-19321,Ransomware-98,EXPLOITED_BY
CVE-2018-19322,Ransomware-98,EXPLOITED_BY
CVE-2018-19323,Ransomware-98,EXPLOITED_BY
CVE-2019-16098,Ransomware-98,EXPLOITED_BY
CVE-2020-3153,Ransomware-98,EXPLOITED_BY
CVE-2020-3433,Ransomware-98,EXPLOITED_BY
CVE-2018-19943,Ransomware-99,EXPLOITED_BY
CVE-2018-19949,Ransomware-99,EXPLOITED_BY
CVE-2018-19953,Ransomware-99,EXPLOITED_BY
CVE-2019-7192,Ransomware-99,EXPLOITED_BY
CVE-2019-7193,Ransomware-99,EXPLOITED_BY
CVE-2019-7194,Ransomware-99,EXPLOITED_BY
CVE-2019-7195,Ransomware-99,EXPLOITED_BY
CVE-2021-28799,Ransomware-99,EXPLOITED_BY
CVE-2018-8174,Ransomware-100,EXPLOITED_BY
CVE-2019-1367,Ransomware-100,EXPLOITED_BY
CVE-2020-0968,Ransomware-100,EXPLOITED_BY
CVE-2020-0986,Ransomware-100,EXPLOITED_BY
CVE-2021-26411,Ransomware-100,EXPLOITED_BY
CVE-2021-34527,Ransomware-100,EXPLOITED_BY
CVE-2022-41091,Ransomware-100,EXPLOITED_BY
CVE-2022-44698,Ransomware-100,EXPLOITED_BY
CVE-2023-24880,Ransomware-100,EXPLOITED_BY
CVE-2018-8453,Ransomware-101,EXPLOITED_BY
CVE-2019-0604,Ransomware-102,EXPLOITED_BY
CVE-2019-0708,Ransomware-103,EXPLOITED_BY
CVE-2019-19781,Ransomware-103,EXPLOITED_BY
CVE-2019-0708,Ransomware-104,EXPLOITED_BY
CVE-2019-0859,Ransomware-105,EXPLOITED_BY
CVE-2019-1068,Ransomware-106,EXPLOITED_BY
CVE-2020-0618,Ransomware-106,EXPLOITED_BY
CVE-2019-11507,Ransomware-107,EXPLOITED_BY
CVE-2019-11510,Ransomware-107,EXPLOITED_BY
CVE-2019-11539,Ransomware-107,EXPLOITED_BY
CVE-2021-26855,Ransomware-107,EXPLOITED_BY
CVE-2021-26857,Ransomware-107,EXPLOITED_BY
CVE-2021-26858,Ransomware-107,EXPLOITED_BY
CVE-2021-27065,Ransomware-107,EXPLOITED_BY
CVE-2019-11507,Ransomware-108,EXPLOITED_BY
CVE-2019-11510,Ransomware-108,EXPLOITED_BY
CVE-2019-11539,Ransomware-108,EXPLOITED_BY
CVE-2019-9081,Ransomware-108,EXPLOITED_BY
CVE-2019-11634,Ransomware-109,EXPLOITED_BY
CVE-2019-13608,Ransomware-109,EXPLOITED_BY
CVE-2019-19781,Ransomware-109,EXPLOITED_BY
CVE-2019-16057,Ransomware-110,EXPLOITED_BY
CVE-2019-16098,Ransomware-111,EXPLOITED_BY
CVE-2021-31207,Ransomware-111,EXPLOITED_BY
CVE-2021-34473,Ransomware-111,EXPLOITED_BY
CVE-2021-34523,Ransomware-111,EXPLOITED_BY
CVE-2019-16647,Ransomware-112,EXPLOITED_BY
CVE-2019-16920,Ransomware-113,EXPLOITED_BY
CVE-2019-2725,Ransomware-114,EXPLOITED_BY
CVE-2019-3396,Ransomware-115,EXPLOITED_BY
CVE-2019-3396,Ransomware-116,EXPLOITED_BY
CVE-2019-5544,Ransomware-117,EXPLOITED_BY
CVE-2020-1472,Ransomware-117,EXPLOITED_BY
CVE-2020-3992,Ransomware-117,EXPLOITED_BY
CVE-2020-5135,Ransomware-117,EXPLOITED_BY
CVE-2021-26855,Ransomware-117,EXPLOITED_BY
CVE-2021-26857,Ransomware-117,EXPLOITED_BY
CVE-2021-26858,Ransomware-117,EXPLOITED_BY
CVE-2021-27065,Ransomware-117,EXPLOITED_BY
CVE-2021-31207,Ransomware-117,EXPLOITED_BY
CVE-2021-34473,Ransomware-117,EXPLOITED_BY
CVE-2021-34523,Ransomware-117,EXPLOITED_BY
CVE-2021-36942,Ransomware-117,EXPLOITED_BY
CVE-2019-5544,Ransomware-118,EXPLOITED_BY
CVE-2020-1472,Ransomware-118,EXPLOITED_BY
CVE-2020-3992,Ransomware-118,EXPLOITED_BY
CVE-2021-20016,Ransomware-118,EXPLOITED_BY
CVE-2019-5544,Ransomware-119,EXPLOITED_BY
CVE-2020-3992,Ransomware-119,EXPLOITED_BY
CVE-2019-7481,Ransomware-120,EXPLOITED_BY
CVE-2020-0601,Ransomware-121,EXPLOITED_BY
CVE-2020-0601,Ransomware-122,EXPLOITED_BY
CVE-2020-0688,Ransomware-123,EXPLOITED_BY
CVE-2020-1472,Ransomware-123,EXPLOITED_BY
CVE-2020-12271,Ransomware-124,EXPLOITED_BY
CVE-2022-1040,Ransomware-124,EXPLOITED_BY
CVE-2020-12812,Ransomware-125,EXPLOITED_BY
CVE-2021-31207,Ransomware-125,EXPLOITED_BY
CVE-2021-33558,Ransomware-125,EXPLOITED_BY
CVE-2021-34473,Ransomware-125,EXPLOITED_BY
CVE-2021-34523,Ransomware-125,EXPLOITED_BY
CVE-2021-42321,Ransomware-125,EXPLOITED_BY
CVE-2022-12812,Ransomware-125,EXPLOITED_BY
CVE-2022-41080,Ransomware-125,EXPLOITED_BY
CVE-2022-41082,Ransomware-125,EXPLOITED_BY
CVE-2020-1472,Ransomware-126,EXPLOITED_BY
CVE-2021-34473,Ransomware-126,EXPLOITED_BY
CVE-2021-34523,Ransomware-126,EXPLOITED_BY
CVE-2021-34527,Ransomware-126,EXPLOITED_BY
CVE-2021-4034,Ransomware-126,EXPLOITED_BY
CVE-2022-27925,Ransomware-126,EXPLOITED_BY
CVE-2022-37042,Ransomware-126,EXPLOITED_BY
CVE-2023-27350,Ransomware-126,EXPLOITED_BY
CVE-2020-1472,Ransomware-127,EXPLOITED_BY
CVE-2021-34527,Ransomware-127,EXPLOITED_BY
CVE-2021-42278,Ransomware-127,EXPLOITED_BY
CVE-2021-42287,Ransomware-127,EXPLOITED_BY
CVE-2022-30190,Ransomware-127,EXPLOITED_BY
CVE-2020-1472,Ransomware-128,EXPLOITED_BY
CVE-2022-24521,Ransomware-128,EXPLOITED_BY
CVE-2022-26522,Ransomware-128,EXPLOITED_BY
CVE-2022-26523,Ransomware-128,EXPLOITED_BY
CVE-2022-41080,Ransomware-128,EXPLOITED_BY
CVE-2022-41082,Ransomware-128,EXPLOITED_BY
CVE-2023-27532,Ransomware-128,EXPLOITED_BY
CVE-2020-1472,Ransomware-129,EXPLOITED_BY
CVE-2021-26855,Ransomware-129,EXPLOITED_BY
CVE-2021-26857,Ransomware-129,EXPLOITED_BY
CVE-2021-26858,Ransomware-129,EXPLOITED_BY
CVE-2021-27065,Ransomware-129,EXPLOITED_BY
CVE-2020-2506,Ransomware-130,EXPLOITED_BY
CVE-2020-2507,Ransomware-130,EXPLOITED_BY
CVE-2020-2509,Ransomware-131,EXPLOITED_BY
CVE-2020-36195,Ransomware-131,EXPLOITED_BY
CVE-2021-28799,Ransomware-131,EXPLOITED_BY
CVE-2022-27593,Ransomware-131,EXPLOITED_BY
CVE-2020-3992,Ransomware-132,EXPLOITED_BY
CVE-2021-21974,Ransomware-132,EXPLOITED_BY
CVE-2022-27510,Ransomware-132,EXPLOITED_BY
CVE-2021-1675,Ransomware-133,EXPLOITED_BY
CVE-2021-34527,Ransomware-133,EXPLOITED_BY
CVE-2022-24521,Ransomware-133,EXPLOITED_BY
CVE-2021-20016,Ransomware-134,EXPLOITED_BY
CVE-2021-20021,Ransomware-134,EXPLOITED_BY
CVE-2021-20022,Ransomware-134,EXPLOITED_BY
CVE-2021-20023,Ransomware-134,EXPLOITED_BY
CVE-2021-20038,Ransomware-135,EXPLOITED_BY
CVE-2021-26084,Ransomware-135,EXPLOITED_BY
CVE-2022-24990,Ransomware-135,EXPLOITED_BY
CVE-2022-26352,Ransomware-135,EXPLOITED_BY
CVE-2021-20038,Ransomware-136,EXPLOITED_BY
CVE-2021-26084,Ransomware-136,EXPLOITED_BY
CVE-2022-24990,Ransomware-136,EXPLOITED_BY
CVE-2021-21972,Ransomware-137,EXPLOITED_BY
CVE-2021-21974,Ransomware-138,EXPLOITED_BY
CVE-2022-27510,Ransomware-138,EXPLOITED_BY
CVE-2021-26084,Ransomware-139,EXPLOITED_BY
CVE-2021-26084,Ransomware-140,EXPLOITED_BY
CVE-2021-26084,Ransomware-141,EXPLOITED_BY
CVE-2021-31207,Ransomware-141,EXPLOITED_BY
CVE-2021-34473,Ransomware-141,EXPLOITED_BY
CVE-2021-34523,Ransomware-141,EXPLOITED_BY
CVE-2021-36942,Ransomware-141,EXPLOITED_BY
CVE-2021-26084,Ransomware-142,EXPLOITED_BY
CVE-2021-34473,Ransomware-142,EXPLOITED_BY
CVE-2021-26855,Ransomware-143,EXPLOITED_BY
CVE-2021-26857,Ransomware-143,EXPLOITED_BY
CVE-2021-27876,Ransomware-143,EXPLOITED_BY
CVE-2021-27877,Ransomware-143,EXPLOITED_BY
CVE-2021-27878,Ransomware-143,EXPLOITED_BY
CVE-2021-31207,Ransomware-143,EXPLOITED_BY
CVE-2021-34473,Ransomware-143,EXPLOITED_BY
CVE-2021-26855,Ransomware-144,EXPLOITED_BY
CVE-2021-26857,Ransomware-144,EXPLOITED_BY
CVE-2021-26858,Ransomware-144,EXPLOITED_BY
CVE-2021-27065,Ransomware-144,EXPLOITED_BY
CVE-2021-26855,Ransomware-145,EXPLOITED_BY
CVE-2021-27065,Ransomware-145,EXPLOITED_BY
CVE-2021-31207,Ransomware-145,EXPLOITED_BY
CVE-2021-34473,Ransomware-145,EXPLOITED_BY
CVE-2021-34523,Ransomware-145,EXPLOITED_BY
CVE-2021-26858,Ransomware-146,EXPLOITED_BY
CVE-2021-27065,Ransomware-146,EXPLOITED_BY
CVE-2021-27101,Ransomware-147,EXPLOITED_BY
CVE-2021-27102,Ransomware-147,EXPLOITED_BY
CVE-2021-27103,Ransomware-147,EXPLOITED_BY
CVE-2021-27104,Ransomware-147,EXPLOITED_BY
CVE-2021-35211,Ransomware-147,EXPLOITED_BY
CVE-2021-44228,Ransomware-147,EXPLOITED_BY
CVE-2022-22954,Ransomware-147,EXPLOITED_BY
CVE-2022-31199,Ransomware-147,EXPLOITED_BY
CVE-2023-0669,Ransomware-147,EXPLOITED_BY
CVE-2023-0699,Ransomware-147,EXPLOITED_BY
CVE-2023-27350,Ransomware-147,EXPLOITED_BY
CVE-2023-34362,Ransomware-147,EXPLOITED_BY
CVE-2023-35036,Ransomware-147,EXPLOITED_BY
CVE-2021-27876,Ransomware-148,EXPLOITED_BY
CVE-2021-27877,Ransomware-148,EXPLOITED_BY
CVE-2021-27878,Ransomware-148,EXPLOITED_BY
CVE-2021-31206,Ransomware-148,EXPLOITED_BY
CVE-2021-31207,Ransomware-148,EXPLOITED_BY
CVE-2021-34473,Ransomware-148,EXPLOITED_BY
CVE-2021-34523,Ransomware-148,EXPLOITED_BY
CVE-2021-40539,Ransomware-148,EXPLOITED_BY
CVE-2021-44228,Ransomware-148,EXPLOITED_BY
CVE-2021-44832,Ransomware-148,EXPLOITED_BY
CVE-2021-45046,Ransomware-148,EXPLOITED_BY
CVE-2021-45105,Ransomware-148,EXPLOITED_BY
CVE-2022-26134,Ransomware-148,EXPLOITED_BY
CVE-2022-26138,Ransomware-148,EXPLOITED_BY
CVE-2022-26500,Ransomware-148,EXPLOITED_BY
CVE-2022-26501,Ransomware-148,EXPLOITED_BY
CVE-2022-26522,Ransomware-148,EXPLOITED_BY
CVE-2022-26523,Ransomware-148,EXPLOITED_BY
CVE-2021-28799,Ransomware-149,EXPLOITED_BY
CVE-2021-31207,Ransomware-150,EXPLOITED_BY
CVE-2021-34473,Ransomware-150,EXPLOITED_BY
CVE-2021-34523,Ransomware-150,EXPLOITED_BY
CVE-2021-34473,Ransomware-151,EXPLOITED_BY
CVE-2021-34523,Ransomware-152,EXPLOITED_BY
3_7kw75a_firmware',Ransomware-153,EXPLOITED_BY
irmware',Ransomware-153,EXPLOITED_BY
3_7kw75a_firmware',Ransomware-154,EXPLOITED_BY
3_7kw75a_firmware',Ransomware-154,EXPLOITED_BY
3_7kw75a_firmware',Ransomware-154,EXPLOITED_BY
3_7kw75a_firmware',Ransomware-154,EXPLOITED_BY
irmware',Ransomware-154,EXPLOITED_BY
irmware',Ransomware-154,EXPLOITED_BY
irmware',Ransomware-154,EXPLOITED_BY
irmware',Ransomware-154,EXPLOITED_BY
irmware',Ransomware-154,EXPLOITED_BY
3_7kw75a_firmware',Ransomware-155,EXPLOITED_BY
irmware',Ransomware-155,EXPLOITED_BY
irmware',Ransomware-155,EXPLOITED_BY
3_7kw75a_firmware',Ransomware-156,EXPLOITED_BY
3_7kw75a_firmware',Ransomware-156,EXPLOITED_BY
irmware',Ransomware-156,EXPLOITED_BY
3_7kw75a_firmware',Ransomware-157,EXPLOITED_BY
irmware',Ransomware-157,EXPLOITED_BY
3_7kw75a_firmware',Ransomware-158,EXPLOITED_BY
irmware',Ransomware-158,EXPLOITED_BY
3_7kw75a_firmware',Ransomware-159,EXPLOITED_BY
irmware',Ransomware-159,EXPLOITED_BY
3_7kw75a_firmware',Ransomware-160,EXPLOITED_BY
3_7kw75a_firmware',Ransomware-160,EXPLOITED_BY
irmware',Ransomware-160,EXPLOITED_BY
3_7kw75a_firmware',Ransomware-161,EXPLOITED_BY
3_7kw75a_firmware',Ransomware-161,EXPLOITED_BY
3_7kw75a_firmware',Ransomware-161,EXPLOITED_BY
irmware',Ransomware-161,EXPLOITED_BY
irmware',Ransomware-161,EXPLOITED_BY
irmware',Ransomware-161,EXPLOITED_BY
irmware',Ransomware-161,EXPLOITED_BY
irmware',Ransomware-161,EXPLOITED_BY
3_7kw75a_firmware',Ransomware-162,EXPLOITED_BY
irmware',Ransomware-162,EXPLOITED_BY
3_7kw75a_firmware',Ransomware-163,EXPLOITED_BY
3_7kw75a_firmware',Ransomware-164,EXPLOITED_BY
3_7kw75a_firmware',Ransomware-164,EXPLOITED_BY
3_7kw75a_firmware',Ransomware-165,EXPLOITED_BY
3_7kw75a_firmware',Ransomware-165,EXPLOITED_BY
irmware',Ransomware-165,EXPLOITED_BY
3_7kw75a_firmware',Ransomware-166,EXPLOITED_BY
irmware',Ransomware-166,EXPLOITED_BY
3_7kw75a_firmware',Ransomware-167,EXPLOITED_BY
3_7kw75a_firmware',Ransomware-168,EXPLOITED_BY
3_7kw75a_firmware',Ransomware-168,EXPLOITED_BY
irmware',Ransomware-168,EXPLOITED_BY
irmware',Ransomware-168,EXPLOITED_BY
irmware',Ransomware-168,EXPLOITED_BY
irmware',Ransomware-168,EXPLOITED_BY
3_7kw75a_firmware',Ransomware-169,EXPLOITED_BY
irmware',Ransomware-169,EXPLOITED_BY
irmware',Ransomware-169,EXPLOITED_BY
3_7kw75a_firmware',Ransomware-170,EXPLOITED_BY
3_7kw75a_firmware',Ransomware-170,EXPLOITED_BY
irmware',Ransomware-170,EXPLOITED_BY
irmware',Ransomware-170,EXPLOITED_BY
irmware',Ransomware-170,EXPLOITED_BY
3_7kw75a_firmware',Ransomware-171,EXPLOITED_BY
irmware',Ransomware-171,EXPLOITED_BY
irmware',Ransomware-171,EXPLOITED_BY
irmware',Ransomware-171,EXPLOITED_BY
3_7kw75a_firmware',Ransomware-172,EXPLOITED_BY
irmware',Ransomware-172,EXPLOITED_BY
irmware',Ransomware-172,EXPLOITED_BY
irmware',Ransomware-172,EXPLOITED_BY
irmware',Ransomware-172,EXPLOITED_BY
irmware',Ransomware-172,EXPLOITED_BY
CVE-2021-40444,Ransomware-173,EXPLOITED_BY
CVE-2021-40539,Ransomware-174,EXPLOITED_BY
CVE-2021-44228,Ransomware-175,EXPLOITED_BY
CVE-2021-44228,Ransomware-176,EXPLOITED_BY
CVE-2021-44228,Ransomware-177,EXPLOITED_BY
CVE-2022-0847,Ransomware-178,EXPLOITED_BY
CVE-2022-27593,Ransomware-178,EXPLOITED_BY
CVE-2022-22954,Ransomware-179,EXPLOITED_BY
CVE-2022-24521,Ransomware-180,EXPLOITED_BY
CVE-2022-24521,Ransomware-181,EXPLOITED_BY
CVE-2022-24521,Ransomware-182,EXPLOITED_BY
CVE-2022-26500,Ransomware-182,EXPLOITED_BY
CVE-2022-26501,Ransomware-182,EXPLOITED_BY
CVE-2022-26504,Ransomware-182,EXPLOITED_BY
CVE-2022-26500,Ransomware-183,EXPLOITED_BY
CVE-2022-26501,Ransomware-183,EXPLOITED_BY
CVE-2022-26504,Ransomware-183,EXPLOITED_BY
CVE-2022-29499,Ransomware-184,EXPLOITED_BY
CVE-2022-41352,Ransomware-185,EXPLOITED_BY
CVE-2022-47986,Ransomware-186,EXPLOITED_BY
CVE-2023-27350,Ransomware-186,EXPLOITED_BY
CVE-2022-47986,Ransomware-187,EXPLOITED_BY
irmware',Ransomware-188,EXPLOITED_BY
irmware',Ransomware-189,EXPLOITED_BY
irmware',Ransomware-189,EXPLOITED_BY
irmware',Ransomware-190,EXPLOITED_BY
irmware',Ransomware-191,EXPLOITED_BY
CVE-2023-27350,Ransomware-192,EXPLOITED_BY
CVE-2023-28252,Ransomware-193,EXPLOITED_BY
CVE-2023-36884,Ransomware-194,EXPLOITED_BY