:START_ID(Cve-ID),:END_ID(Threat-Actor-ID),:TYPE
CVE-2018-12596,Threat-Actor-0,EXPLOITED_BY
CVE-2018-13379,Threat-Actor-0,EXPLOITED_BY
CVE-2019-5591,Threat-Actor-0,EXPLOITED_BY
CVE-2020-12812,Threat-Actor-0,EXPLOITED_BY
CVE-2021-31207,Threat-Actor-0,EXPLOITED_BY
CVE-2021-34473,Threat-Actor-0,EXPLOITED_BY
CVE-2021-34523,Threat-Actor-0,EXPLOITED_BY
CVE-2021-44228,Threat-Actor-0,EXPLOITED_BY
CVE-2021-26855,Threat-Actor-1,EXPLOITED_BY
CVE-2021-26857,Threat-Actor-1,EXPLOITED_BY
CVE-2021-26858,Threat-Actor-1,EXPLOITED_BY
CVE-2021-27065,Threat-Actor-1,EXPLOITED_BY
CVE-2021-44228,Threat-Actor-1,EXPLOITED_BY
CVE-2021-44228,Threat-Actor-2,EXPLOITED_BY
CVE-2021-44228,Threat-Actor-3,EXPLOITED_BY
CVE-2021-26084,Threat-Actor-4,EXPLOITED_BY
CVE-2021-34473,Threat-Actor-4,EXPLOITED_BY
CVE-2021-44228,Threat-Actor-4,EXPLOITED_BY
CVE-2021-44228,Threat-Actor-5,EXPLOITED_BY
CVE-2020-14750,Threat-Actor-6,EXPLOITED_BY
CVE-2020-14882,Threat-Actor-6,EXPLOITED_BY
CVE-2021-22941,Threat-Actor-6,EXPLOITED_BY
CVE-2021-44228,Threat-Actor-6,EXPLOITED_BY
CVE-2017-0147,Threat-Actor-7,EXPLOITED_BY
CVE-2018-13374,Threat-Actor-7,EXPLOITED_BY
CVE-2018-13379,Threat-Actor-7,EXPLOITED_BY
CVE-2019-0667,Threat-Actor-7,EXPLOITED_BY
CVE-2019-0797,Threat-Actor-7,EXPLOITED_BY
CVE-2019-0808,Threat-Actor-7,EXPLOITED_BY
CVE-2020-0796,Threat-Actor-7,EXPLOITED_BY
CVE-2021-44228,Threat-Actor-7,EXPLOITED_BY
CVE-2012-4792,Threat-Actor-8,EXPLOITED_BY
CVE-2012-4969,Threat-Actor-8,EXPLOITED_BY
CVE-2014-0322,Threat-Actor-8,EXPLOITED_BY
CVE-2017-5638,Threat-Actor-8,EXPLOITED_BY
CVE-2021-44228,Threat-Actor-8,EXPLOITED_BY
CVE-2011-2462,Threat-Actor-9,EXPLOITED_BY
CVE-2012-0158,Threat-Actor-9,EXPLOITED_BY
CVE-2012-1889,Threat-Actor-9,EXPLOITED_BY
CVE-2012-4792,Threat-Actor-9,EXPLOITED_BY
CVE-2013-3163,Threat-Actor-9,EXPLOITED_BY
CVE-2013-3893,Threat-Actor-9,EXPLOITED_BY
CVE-2014-0322,Threat-Actor-9,EXPLOITED_BY
CVE-2015-1641,Threat-Actor-9,EXPLOITED_BY
CVE-2017-0199,Threat-Actor-9,EXPLOITED_BY
CVE-2017-11882,Threat-Actor-9,EXPLOITED_BY
CVE-2019-11510,Threat-Actor-9,EXPLOITED_BY
CVE-2019-16278,Threat-Actor-9,EXPLOITED_BY
CVE-2019-1652,Threat-Actor-9,EXPLOITED_BY
CVE-2019-1653,Threat-Actor-9,EXPLOITED_BY
CVE-2019-16920,Threat-Actor-9,EXPLOITED_BY
CVE-2019-19781,Threat-Actor-9,EXPLOITED_BY
CVE-2019-3396,Threat-Actor-9,EXPLOITED_BY
CVE-2020-10189,Threat-Actor-9,EXPLOITED_BY
CVE-2020-14882,Threat-Actor-9,EXPLOITED_BY
CVE-2021-26855,Threat-Actor-9,EXPLOITED_BY
CVE-2021-26857,Threat-Actor-9,EXPLOITED_BY
CVE-2021-26858,Threat-Actor-9,EXPLOITED_BY
CVE-2021-27065,Threat-Actor-9,EXPLOITED_BY
CVE-2021-44228,Threat-Actor-9,EXPLOITED_BY
CVE-2021-44228,Threat-Actor-10,EXPLOITED_BY
CVE-2021-44228,Threat-Actor-11,EXPLOITED_BY
CVE-2018-12596,Threat-Actor-12,EXPLOITED_BY
CVE-2021-44228,Threat-Actor-12,EXPLOITED_BY
CVE-2021-34527,Threat-Actor-13,EXPLOITED_BY
CVE-2021-40444,Threat-Actor-13,EXPLOITED_BY
CVE-2021-1675,Threat-Actor-14,EXPLOITED_BY
CVE-2021-34527,Threat-Actor-14,EXPLOITED_BY
CVE-2009-0927,Threat-Actor-15,EXPLOITED_BY
CVE-2009-2990,Threat-Actor-15,EXPLOITED_BY
CVE-2009-4324,Threat-Actor-15,EXPLOITED_BY
CVE-2009-0927,Threat-Actor-16,EXPLOITED_BY
CVE-2009-2990,Threat-Actor-16,EXPLOITED_BY
CVE-2009-4324,Threat-Actor-16,EXPLOITED_BY
CVE-2009-0927,Threat-Actor-17,EXPLOITED_BY
CVE-2009-3129,Threat-Actor-17,EXPLOITED_BY
CVE-2009-4324,Threat-Actor-17,EXPLOITED_BY
CVE-2010-0188,Threat-Actor-17,EXPLOITED_BY
CVE-2011-0609,Threat-Actor-17,EXPLOITED_BY
CVE-2011-0611,Threat-Actor-17,EXPLOITED_BY
CVE-2012-0158,Threat-Actor-17,EXPLOITED_BY
CVE-2021-40444,Threat-Actor-18,EXPLOITED_BY
CVE-2021-40444,Threat-Actor-19,EXPLOITED_BY
CVE-2021-40444,Threat-Actor-20,EXPLOITED_BY
CVE-2008-4250,Threat-Actor-21,EXPLOITED_BY
CVE-2017-0143,Threat-Actor-21,EXPLOITED_BY
CVE-2017-0199,Threat-Actor-21,EXPLOITED_BY
CVE-2017-0262,Threat-Actor-21,EXPLOITED_BY
CVE-2017-0263,Threat-Actor-21,EXPLOITED_BY
CVE-2017-11882,Threat-Actor-21,EXPLOITED_BY
CVE-2018-0802,Threat-Actor-21,EXPLOITED_BY
CVE-2018-8174,Threat-Actor-21,EXPLOITED_BY
CVE-2012-0158,Threat-Actor-22,EXPLOITED_BY
CVE-2014-6352,Threat-Actor-22,EXPLOITED_BY
CVE-2017-0199,Threat-Actor-22,EXPLOITED_BY
CVE-2017-11882,Threat-Actor-22,EXPLOITED_BY
CVE-2017-8759,Threat-Actor-22,EXPLOITED_BY
CVE-2018-0802,Threat-Actor-22,EXPLOITED_BY
CVE-2008-1436,Threat-Actor-23,EXPLOITED_BY
CVE-2010-0738,Threat-Actor-23,EXPLOITED_BY
CVE-2011-3544,Threat-Actor-23,EXPLOITED_BY
CVE-2013-3906,Threat-Actor-23,EXPLOITED_BY
CVE-2014-6324,Threat-Actor-23,EXPLOITED_BY
CVE-2015-5119,Threat-Actor-23,EXPLOITED_BY
CVE-2017-11882,Threat-Actor-23,EXPLOITED_BY
CVE-2019-0604,Threat-Actor-23,EXPLOITED_BY
CVE-2021-26855,Threat-Actor-23,EXPLOITED_BY
CVE-2021-26857,Threat-Actor-23,EXPLOITED_BY
CVE-2021-26858,Threat-Actor-23,EXPLOITED_BY
CVE-2021-27065,Threat-Actor-23,EXPLOITED_BY
CVE-2021-40539,Threat-Actor-23,EXPLOITED_BY
CVE-2021-44077,Threat-Actor-23,EXPLOITED_BY
CVE-2017-11882,Threat-Actor-24,EXPLOITED_BY
CVE-2017-0199,Threat-Actor-25,EXPLOITED_BY
CVE-2017-11882,Threat-Actor-25,EXPLOITED_BY
CVE-2018-0798,Threat-Actor-25,EXPLOITED_BY
CVE-2018-0802,Threat-Actor-25,EXPLOITED_BY
CVE-2017-0199,Threat-Actor-26,EXPLOITED_BY
CVE-2017-11882,Threat-Actor-26,EXPLOITED_BY
CVE-2017-11882,Threat-Actor-27,EXPLOITED_BY
CVE-2018-8174,Threat-Actor-27,EXPLOITED_BY
CVE-2010-3333,Threat-Actor-28,EXPLOITED_BY
CVE-2012-0158,Threat-Actor-28,EXPLOITED_BY
CVE-2012-1856,Threat-Actor-28,EXPLOITED_BY
CVE-2014-1761,Threat-Actor-28,EXPLOITED_BY
CVE-2017-11882,Threat-Actor-28,EXPLOITED_BY
CVE-2018-0802,Threat-Actor-28,EXPLOITED_BY
CVE-2012-0158,Threat-Actor-29,EXPLOITED_BY
CVE-2015-5119,Threat-Actor-29,EXPLOITED_BY
CVE-2017-11882,Threat-Actor-29,EXPLOITED_BY
CVE-2018-0802,Threat-Actor-29,EXPLOITED_BY
CVE-2010-3333,Threat-Actor-30,EXPLOITED_BY
CVE-2012-0158,Threat-Actor-30,EXPLOITED_BY
CVE-2012-1856,Threat-Actor-30,EXPLOITED_BY
CVE-2014-1761,Threat-Actor-30,EXPLOITED_BY
CVE-2017-11882,Threat-Actor-30,EXPLOITED_BY
CVE-2018-0802,Threat-Actor-30,EXPLOITED_BY
CVE-2017-11882,Threat-Actor-31,EXPLOITED_BY
CVE-2019-0604,Threat-Actor-31,EXPLOITED_BY
CVE-2021-31207,Threat-Actor-31,EXPLOITED_BY
CVE-2021-34473,Threat-Actor-31,EXPLOITED_BY
CVE-2021-34523,Threat-Actor-31,EXPLOITED_BY
CVE-2017-0199,Threat-Actor-32,EXPLOITED_BY
CVE-2017-11882,Threat-Actor-32,EXPLOITED_BY
CVE-2018-0798,Threat-Actor-32,EXPLOITED_BY
CVE-2018-0802,Threat-Actor-32,EXPLOITED_BY
CVE-2017-0199,Threat-Actor-33,EXPLOITED_BY
CVE-2017-11882,Threat-Actor-33,EXPLOITED_BY
CVE-2012-0158,Threat-Actor-34,EXPLOITED_BY
CVE-2014-6352,Threat-Actor-34,EXPLOITED_BY
CVE-2017-0199,Threat-Actor-34,EXPLOITED_BY
CVE-2017-11882,Threat-Actor-34,EXPLOITED_BY
CVE-2017-8759,Threat-Actor-34,EXPLOITED_BY
CVE-2018-0802,Threat-Actor-34,EXPLOITED_BY
CVE-2008-4250,Threat-Actor-35,EXPLOITED_BY
CVE-2017-0143,Threat-Actor-35,EXPLOITED_BY
CVE-2017-0199,Threat-Actor-35,EXPLOITED_BY
CVE-2017-0262,Threat-Actor-35,EXPLOITED_BY
CVE-2017-0263,Threat-Actor-35,EXPLOITED_BY
CVE-2017-11882,Threat-Actor-35,EXPLOITED_BY
CVE-2018-0802,Threat-Actor-35,EXPLOITED_BY
CVE-2018-8174,Threat-Actor-35,EXPLOITED_BY
CVE-2010-3333,Threat-Actor-36,EXPLOITED_BY
CVE-2012-0158,Threat-Actor-36,EXPLOITED_BY
CVE-2017-11882,Threat-Actor-36,EXPLOITED_BY
CVE-2018-0802,Threat-Actor-36,EXPLOITED_BY
CVE-2016-7255,Threat-Actor-37,EXPLOITED_BY
CVE-2017-11882,Threat-Actor-37,EXPLOITED_BY
CVE-2012-0158,Threat-Actor-38,EXPLOITED_BY
CVE-2013-3660,Threat-Actor-38,EXPLOITED_BY
CVE-2013-3906,Threat-Actor-38,EXPLOITED_BY
CVE-2014-1761,Threat-Actor-38,EXPLOITED_BY
CVE-2014-4113,Threat-Actor-38,EXPLOITED_BY
CVE-2014-4114,Threat-Actor-38,EXPLOITED_BY
CVE-2015-1641,Threat-Actor-38,EXPLOITED_BY
CVE-2015-1701,Threat-Actor-38,EXPLOITED_BY
CVE-2015-2545,Threat-Actor-38,EXPLOITED_BY
CVE-2017-0199,Threat-Actor-38,EXPLOITED_BY
CVE-2017-11882,Threat-Actor-38,EXPLOITED_BY
CVE-2019-0604,Threat-Actor-38,EXPLOITED_BY
CVE-2017-11882,Threat-Actor-39,EXPLOITED_BY
CVE-2014-0224,Threat-Actor-40,EXPLOITED_BY
CVE-2017-0199,Threat-Actor-40,EXPLOITED_BY
CVE-2017-11882,Threat-Actor-40,EXPLOITED_BY
CVE-2019-2215,Threat-Actor-40,EXPLOITED_BY
CVE-2010-2883,Threat-Actor-41,EXPLOITED_BY
CVE-2012-0158,Threat-Actor-41,EXPLOITED_BY
CVE-2014-6332,Threat-Actor-41,EXPLOITED_BY
CVE-2017-11882,Threat-Actor-41,EXPLOITED_BY
CVE-2017-11882,Threat-Actor-42,EXPLOITED_BY
CVE-2018-0798,Threat-Actor-42,EXPLOITED_BY
CVE-2018-0802,Threat-Actor-42,EXPLOITED_BY
CVE-2019-0604,Threat-Actor-42,EXPLOITED_BY
CVE-2012-0158,Threat-Actor-43,EXPLOITED_BY
CVE-2015-1641,Threat-Actor-43,EXPLOITED_BY
CVE-2017-0199,Threat-Actor-43,EXPLOITED_BY
CVE-2017-11882,Threat-Actor-43,EXPLOITED_BY
CVE-2019-11510,Threat-Actor-43,EXPLOITED_BY
CVE-2019-16278,Threat-Actor-43,EXPLOITED_BY
CVE-2019-1652,Threat-Actor-43,EXPLOITED_BY
CVE-2019-1653,Threat-Actor-43,EXPLOITED_BY
CVE-2019-16920,Threat-Actor-43,EXPLOITED_BY
CVE-2019-19781,Threat-Actor-43,EXPLOITED_BY
CVE-2019-3396,Threat-Actor-43,EXPLOITED_BY
CVE-2020-10189,Threat-Actor-43,EXPLOITED_BY
CVE-2012-0158,Threat-Actor-44,EXPLOITED_BY
CVE-2017-11882,Threat-Actor-44,EXPLOITED_BY
CVE-2018-0798,Threat-Actor-44,EXPLOITED_BY
CVE-2021-1732,Threat-Actor-44,EXPLOITED_BY
CVE-2021-28310,Threat-Actor-44,EXPLOITED_BY
CVE-2017-0199,Threat-Actor-45,EXPLOITED_BY
CVE-2017-11882,Threat-Actor-45,EXPLOITED_BY
CVE-2018-0802,Threat-Actor-45,EXPLOITED_BY
CVE-2012-0158,Threat-Actor-46,EXPLOITED_BY
CVE-2015-1641,Threat-Actor-46,EXPLOITED_BY
CVE-2015-2545,Threat-Actor-46,EXPLOITED_BY
CVE-2016-4117,Threat-Actor-46,EXPLOITED_BY
CVE-2017-0199,Threat-Actor-46,EXPLOITED_BY
CVE-2017-11882,Threat-Actor-46,EXPLOITED_BY
CVE-2017-8570,Threat-Actor-46,EXPLOITED_BY
CVE-2017-8759,Threat-Actor-46,EXPLOITED_BY
CVE-2018-15982,Threat-Actor-46,EXPLOITED_BY
CVE-2018-8174,Threat-Actor-46,EXPLOITED_BY
CVE-2012-0158,Threat-Actor-47,EXPLOITED_BY
CVE-2015-1641,Threat-Actor-47,EXPLOITED_BY
CVE-2015-2545,Threat-Actor-47,EXPLOITED_BY
CVE-2016-4117,Threat-Actor-47,EXPLOITED_BY
CVE-2017-0199,Threat-Actor-47,EXPLOITED_BY
CVE-2017-11882,Threat-Actor-47,EXPLOITED_BY
CVE-2017-8570,Threat-Actor-47,EXPLOITED_BY
CVE-2017-8759,Threat-Actor-47,EXPLOITED_BY
CVE-2018-15982,Threat-Actor-47,EXPLOITED_BY
CVE-2018-8174,Threat-Actor-47,EXPLOITED_BY
CVE-2014-0224,Threat-Actor-48,EXPLOITED_BY
CVE-2017-0199,Threat-Actor-48,EXPLOITED_BY
CVE-2017-11882,Threat-Actor-48,EXPLOITED_BY
CVE-2019-2215,Threat-Actor-48,EXPLOITED_BY
CVE-2017-0199,Threat-Actor-49,EXPLOITED_BY
CVE-2017-11882,Threat-Actor-49,EXPLOITED_BY
CVE-2017-11882,Threat-Actor-50,EXPLOITED_BY
CVE-2018-0798,Threat-Actor-50,EXPLOITED_BY
CVE-2018-0802,Threat-Actor-50,EXPLOITED_BY
CVE-2017-0199,Threat-Actor-51,EXPLOITED_BY
CVE-2017-11882,Threat-Actor-51,EXPLOITED_BY
CVE-2017-11882,Threat-Actor-52,EXPLOITED_BY
CVE-2017-8759,Threat-Actor-52,EXPLOITED_BY
CVE-2014-0497,Threat-Actor-53,EXPLOITED_BY
CVE-2015-8651,Threat-Actor-53,EXPLOITED_BY
CVE-2017-0147,Threat-Actor-53,EXPLOITED_BY
CVE-2017-0199,Threat-Actor-53,EXPLOITED_BY
CVE-2017-11882,Threat-Actor-53,EXPLOITED_BY
CVE-2017-8570,Threat-Actor-53,EXPLOITED_BY
CVE-2018-8174,Threat-Actor-53,EXPLOITED_BY
CVE-2019-1367,Threat-Actor-53,EXPLOITED_BY
CVE-2019-13720,Threat-Actor-53,EXPLOITED_BY
CVE-2019-17026,Threat-Actor-53,EXPLOITED_BY
CVE-2020-0674,Threat-Actor-53,EXPLOITED_BY
CVE-2012-0158,Threat-Actor-54,EXPLOITED_BY
CVE-2017-11882,Threat-Actor-54,EXPLOITED_BY
CVE-2014-0497,Threat-Actor-55,EXPLOITED_BY
CVE-2015-8651,Threat-Actor-55,EXPLOITED_BY
CVE-2017-0147,Threat-Actor-55,EXPLOITED_BY
CVE-2017-0199,Threat-Actor-55,EXPLOITED_BY
CVE-2017-11882,Threat-Actor-55,EXPLOITED_BY
CVE-2017-8570,Threat-Actor-55,EXPLOITED_BY
CVE-2018-8174,Threat-Actor-55,EXPLOITED_BY
CVE-2019-1367,Threat-Actor-55,EXPLOITED_BY
CVE-2019-13720,Threat-Actor-55,EXPLOITED_BY
CVE-2019-17026,Threat-Actor-55,EXPLOITED_BY
CVE-2020-0674,Threat-Actor-55,EXPLOITED_BY
CVE-2016-7255,Threat-Actor-56,EXPLOITED_BY
CVE-2017-11882,Threat-Actor-56,EXPLOITED_BY
CVE-2012-0158,Threat-Actor-57,EXPLOITED_BY
CVE-2012-2539,Threat-Actor-57,EXPLOITED_BY
CVE-2013-3660,Threat-Actor-57,EXPLOITED_BY
CVE-2013-3906,Threat-Actor-57,EXPLOITED_BY
CVE-2014-1761,Threat-Actor-57,EXPLOITED_BY
CVE-2014-4113,Threat-Actor-57,EXPLOITED_BY
CVE-2014-4114,Threat-Actor-57,EXPLOITED_BY
CVE-2015-1641,Threat-Actor-57,EXPLOITED_BY
CVE-2015-1701,Threat-Actor-57,EXPLOITED_BY
CVE-2015-1770,Threat-Actor-57,EXPLOITED_BY
CVE-2015-2545,Threat-Actor-57,EXPLOITED_BY
CVE-2017-0199,Threat-Actor-57,EXPLOITED_BY
CVE-2017-11882,Threat-Actor-57,EXPLOITED_BY
CVE-2019-0604,Threat-Actor-57,EXPLOITED_BY
CVE-2012-0158,Threat-Actor-58,EXPLOITED_BY
CVE-2017-11882,Threat-Actor-58,EXPLOITED_BY
CVE-2018-0802,Threat-Actor-58,EXPLOITED_BY
CVE-2017-0199,Threat-Actor-59,EXPLOITED_BY
CVE-2020-0688,Threat-Actor-59,EXPLOITED_BY
CVE-2020-1472,Threat-Actor-59,EXPLOITED_BY
CVE-2017-0199,Threat-Actor-60,EXPLOITED_BY
CVE-2020-0688,Threat-Actor-60,EXPLOITED_BY
CVE-2020-1472,Threat-Actor-60,EXPLOITED_BY
CVE-2019-1322,Threat-Actor-61,EXPLOITED_BY
CVE-2019-1405,Threat-Actor-61,EXPLOITED_BY
CVE-2020-1472,Threat-Actor-61,EXPLOITED_BY
CVE-2021-35211,Threat-Actor-61,EXPLOITED_BY
CVE-2010-1855,Threat-Actor-62,EXPLOITED_BY
CVE-2011-0611,Threat-Actor-62,EXPLOITED_BY
CVE-2011-1255,Threat-Actor-62,EXPLOITED_BY
CVE-2012-1889,Threat-Actor-62,EXPLOITED_BY
CVE-2014-0322,Threat-Actor-62,EXPLOITED_BY
CVE-2015-5119,Threat-Actor-62,EXPLOITED_BY
CVE-2020-1472,Threat-Actor-62,EXPLOITED_BY
CVE-2019-1322,Threat-Actor-63,EXPLOITED_BY
CVE-2019-1405,Threat-Actor-63,EXPLOITED_BY
CVE-2020-1472,Threat-Actor-63,EXPLOITED_BY
CVE-2021-35211,Threat-Actor-63,EXPLOITED_BY
CVE-2017-0143,Threat-Actor-64,EXPLOITED_BY
CVE-2020-1472,Threat-Actor-64,EXPLOITED_BY
CVE-2012-0507,Threat-Actor-65,EXPLOITED_BY
CVE-2014-1761,Threat-Actor-65,EXPLOITED_BY
CVE-2018-13379,Threat-Actor-65,EXPLOITED_BY
CVE-2019-10149,Threat-Actor-65,EXPLOITED_BY
CVE-2019-11510,Threat-Actor-65,EXPLOITED_BY
CVE-2019-19781,Threat-Actor-65,EXPLOITED_BY
CVE-2020-0688,Threat-Actor-65,EXPLOITED_BY
CVE-2020-1472,Threat-Actor-65,EXPLOITED_BY
CVE-2020-2021,Threat-Actor-65,EXPLOITED_BY
CVE-2020-4006,Threat-Actor-65,EXPLOITED_BY
CVE-2012-0507,Threat-Actor-66,EXPLOITED_BY
CVE-2018-13379,Threat-Actor-66,EXPLOITED_BY
CVE-2019-10149,Threat-Actor-66,EXPLOITED_BY
CVE-2019-11510,Threat-Actor-66,EXPLOITED_BY
CVE-2019-19781,Threat-Actor-66,EXPLOITED_BY
CVE-2020-0688,Threat-Actor-66,EXPLOITED_BY
CVE-2020-1472,Threat-Actor-66,EXPLOITED_BY
CVE-2020-2021,Threat-Actor-66,EXPLOITED_BY
CVE-2012-0507,Threat-Actor-67,EXPLOITED_BY
CVE-2018-13379,Threat-Actor-67,EXPLOITED_BY
CVE-2019-10149,Threat-Actor-67,EXPLOITED_BY
CVE-2019-11510,Threat-Actor-67,EXPLOITED_BY
CVE-2019-19781,Threat-Actor-67,EXPLOITED_BY
CVE-2020-0688,Threat-Actor-67,EXPLOITED_BY
CVE-2020-1472,Threat-Actor-67,EXPLOITED_BY
CVE-2020-2021,Threat-Actor-67,EXPLOITED_BY
CVE-2017-0199,Threat-Actor-68,EXPLOITED_BY
CVE-2012-0158,Threat-Actor-69,EXPLOITED_BY
CVE-2012-1856,Threat-Actor-69,EXPLOITED_BY
CVE-2014-1761,Threat-Actor-69,EXPLOITED_BY
CVE-2014-4114,Threat-Actor-69,EXPLOITED_BY
CVE-2014-6352,Threat-Actor-69,EXPLOITED_BY
CVE-2015-1641,Threat-Actor-69,EXPLOITED_BY
CVE-2017-0199,Threat-Actor-69,EXPLOITED_BY
CVE-2017-8570,Threat-Actor-69,EXPLOITED_BY
CVE-2017-0199,Threat-Actor-70,EXPLOITED_BY
CVE-2017-0199,Threat-Actor-71,EXPLOITED_BY
CVE-2018-13379,Threat-Actor-71,EXPLOITED_BY
CVE-2019-11510,Threat-Actor-71,EXPLOITED_BY
CVE-2019-1579,Threat-Actor-71,EXPLOITED_BY
CVE-2019-19781,Threat-Actor-71,EXPLOITED_BY
CVE-2020-5902,Threat-Actor-71,EXPLOITED_BY
CVE-2020-8193,Threat-Actor-71,EXPLOITED_BY
CVE-2020-8195,Threat-Actor-71,EXPLOITED_BY
CVE-2020-8196,Threat-Actor-71,EXPLOITED_BY
CVE-2012-0158,Threat-Actor-72,EXPLOITED_BY
CVE-2014-6352,Threat-Actor-72,EXPLOITED_BY
CVE-2015-5119,Threat-Actor-72,EXPLOITED_BY
CVE-2017-0199,Threat-Actor-72,EXPLOITED_BY
CVE-2017-7269,Threat-Actor-72,EXPLOITED_BY
CVE-2017-0199,Threat-Actor-73,EXPLOITED_BY
CVE-2017-0199,Threat-Actor-74,EXPLOITED_BY
CVE-2018-13379,Threat-Actor-74,EXPLOITED_BY
CVE-2019-11510,Threat-Actor-74,EXPLOITED_BY
CVE-2019-1579,Threat-Actor-74,EXPLOITED_BY
CVE-2019-19781,Threat-Actor-74,EXPLOITED_BY
CVE-2020-5902,Threat-Actor-74,EXPLOITED_BY
CVE-2020-8193,Threat-Actor-74,EXPLOITED_BY
CVE-2020-8195,Threat-Actor-74,EXPLOITED_BY
CVE-2020-8196,Threat-Actor-74,EXPLOITED_BY
CVE-2017-0199,Threat-Actor-75,EXPLOITED_BY
CVE-2015-6585,Threat-Actor-76,EXPLOITED_BY
CVE-2015-8651,Threat-Actor-76,EXPLOITED_BY
CVE-2016-0034,Threat-Actor-76,EXPLOITED_BY
CVE-2016-1019,Threat-Actor-76,EXPLOITED_BY
CVE-2016-4117,Threat-Actor-76,EXPLOITED_BY
CVE-2017-0144,Threat-Actor-76,EXPLOITED_BY
CVE-2017-0145,Threat-Actor-76,EXPLOITED_BY
CVE-2017-0199,Threat-Actor-76,EXPLOITED_BY
CVE-2018-4878,Threat-Actor-76,EXPLOITED_BY
CVE-2021-1647,Threat-Actor-76,EXPLOITED_BY
CVE-2021-26411,Threat-Actor-76,EXPLOITED_BY
CVE-2012-0158,Threat-Actor-77,EXPLOITED_BY
CVE-2012-1856,Threat-Actor-77,EXPLOITED_BY
CVE-2014-1761,Threat-Actor-77,EXPLOITED_BY
CVE-2014-4114,Threat-Actor-77,EXPLOITED_BY
CVE-2014-6352,Threat-Actor-77,EXPLOITED_BY
CVE-2015-1641,Threat-Actor-77,EXPLOITED_BY
CVE-2017-0199,Threat-Actor-77,EXPLOITED_BY
CVE-2017-8570,Threat-Actor-77,EXPLOITED_BY
CVE-2012-0158,Threat-Actor-78,EXPLOITED_BY
CVE-2017-0199,Threat-Actor-78,EXPLOITED_BY
CVE-2015-6585,Threat-Actor-79,EXPLOITED_BY
CVE-2015-8651,Threat-Actor-79,EXPLOITED_BY
CVE-2016-0034,Threat-Actor-79,EXPLOITED_BY
CVE-2016-1019,Threat-Actor-79,EXPLOITED_BY
CVE-2016-4117,Threat-Actor-79,EXPLOITED_BY
CVE-2017-0144,Threat-Actor-79,EXPLOITED_BY
CVE-2017-0145,Threat-Actor-79,EXPLOITED_BY
CVE-2017-0199,Threat-Actor-79,EXPLOITED_BY
CVE-2018-4878,Threat-Actor-79,EXPLOITED_BY
CVE-2021-1647,Threat-Actor-79,EXPLOITED_BY
CVE-2021-26411,Threat-Actor-79,EXPLOITED_BY
CVE-2022-0609,Threat-Actor-79,EXPLOITED_BY
CVE-2013-1347,Threat-Actor-80,EXPLOITED_BY
CVE-2013-1493,Threat-Actor-80,EXPLOITED_BY
CVE-2013-2423,Threat-Actor-80,EXPLOITED_BY
CVE-2014-9163,Threat-Actor-80,EXPLOITED_BY
CVE-2015-0071,Threat-Actor-80,EXPLOITED_BY
CVE-2015-7501,Threat-Actor-80,EXPLOITED_BY
CVE-2017-0199,Threat-Actor-80,EXPLOITED_BY
CVE-2012-0158,Threat-Actor-81,EXPLOITED_BY
CVE-2014-6352,Threat-Actor-81,EXPLOITED_BY
CVE-2015-5119,Threat-Actor-81,EXPLOITED_BY
CVE-2017-0199,Threat-Actor-81,EXPLOITED_BY
CVE-2017-7269,Threat-Actor-81,EXPLOITED_BY
CVE-2013-4979,Threat-Actor-82,EXPLOITED_BY
CVE-2014-8439,Threat-Actor-82,EXPLOITED_BY
CVE-2015-2545,Threat-Actor-82,EXPLOITED_BY
CVE-2015-3043,Threat-Actor-82,EXPLOITED_BY
CVE-2015-3105,Threat-Actor-82,EXPLOITED_BY
CVE-2015-5119,Threat-Actor-82,EXPLOITED_BY
CVE-2015-5122,Threat-Actor-82,EXPLOITED_BY
CVE-2015-7645,Threat-Actor-82,EXPLOITED_BY
CVE-2016-0189,Threat-Actor-82,EXPLOITED_BY
CVE-2016-1019,Threat-Actor-82,EXPLOITED_BY
CVE-2016-4117,Threat-Actor-82,EXPLOITED_BY
CVE-2016-4171,Threat-Actor-82,EXPLOITED_BY
CVE-2017-0199,Threat-Actor-82,EXPLOITED_BY
CVE-2018-0802,Threat-Actor-82,EXPLOITED_BY
CVE-2018-4878,Threat-Actor-82,EXPLOITED_BY
CVE-2018-8120,Threat-Actor-82,EXPLOITED_BY
CVE-2019-13720,Threat-Actor-82,EXPLOITED_BY
CVE-2020-0986,Threat-Actor-82,EXPLOITED_BY
CVE-2020-1380,Threat-Actor-82,EXPLOITED_BY
CVE-2021-26411,Threat-Actor-82,EXPLOITED_BY
CVE-2017-0199,Threat-Actor-83,EXPLOITED_BY
CVE-2013-4979,Threat-Actor-84,EXPLOITED_BY
CVE-2014-8439,Threat-Actor-84,EXPLOITED_BY
CVE-2015-2419,Threat-Actor-84,EXPLOITED_BY
CVE-2015-2545,Threat-Actor-84,EXPLOITED_BY
CVE-2015-3043,Threat-Actor-84,EXPLOITED_BY
CVE-2015-3105,Threat-Actor-84,EXPLOITED_BY
CVE-2015-5119,Threat-Actor-84,EXPLOITED_BY
CVE-2015-5122,Threat-Actor-84,EXPLOITED_BY
CVE-2015-7645,Threat-Actor-84,EXPLOITED_BY
CVE-2016-0189,Threat-Actor-84,EXPLOITED_BY
CVE-2016-1019,Threat-Actor-84,EXPLOITED_BY
CVE-2016-4117,Threat-Actor-84,EXPLOITED_BY
CVE-2016-4171,Threat-Actor-84,EXPLOITED_BY
CVE-2017-0199,Threat-Actor-84,EXPLOITED_BY
CVE-2018-0802,Threat-Actor-84,EXPLOITED_BY
CVE-2018-4878,Threat-Actor-84,EXPLOITED_BY
CVE-2018-8120,Threat-Actor-84,EXPLOITED_BY
CVE-2019-13720,Threat-Actor-84,EXPLOITED_BY
CVE-2020-0986,Threat-Actor-84,EXPLOITED_BY
CVE-2020-1380,Threat-Actor-84,EXPLOITED_BY
CVE-2021-26411,Threat-Actor-84,EXPLOITED_BY
CVE-2012-0158,Threat-Actor-85,EXPLOITED_BY
CVE-2017-0199,Threat-Actor-85,EXPLOITED_BY
CVE-2017-0199,Threat-Actor-86,EXPLOITED_BY
CVE-2017-0199,Threat-Actor-87,EXPLOITED_BY
CVE-2017-0199,Threat-Actor-88,EXPLOITED_BY
CVE-2010-3333,Threat-Actor-89,EXPLOITED_BY
CVE-2012-0158,Threat-Actor-89,EXPLOITED_BY
CVE-2015-1641,Threat-Actor-89,EXPLOITED_BY
CVE-2015-1770,Threat-Actor-89,EXPLOITED_BY
CVE-2017-0199,Threat-Actor-89,EXPLOITED_BY
CVE-2009-1151,Threat-Actor-90,EXPLOITED_BY
CVE-2014-6271,Threat-Actor-90,EXPLOITED_BY
CVE-2017-12617,Threat-Actor-90,EXPLOITED_BY
CVE-2017-3881,Threat-Actor-90,EXPLOITED_BY
CVE-2017-6736,Threat-Actor-90,EXPLOITED_BY
CVE-2018-0296,Threat-Actor-90,EXPLOITED_BY
CVE-2018-7600,Threat-Actor-90,EXPLOITED_BY
CVE-2017-10271,Threat-Actor-91,EXPLOITED_BY
CVE-2017-3066,Threat-Actor-91,EXPLOITED_BY
CVE-2007-5633,Threat-Actor-92,EXPLOITED_BY
CVE-2017-0144,Threat-Actor-92,EXPLOITED_BY
CVE-2019-0708,Threat-Actor-92,EXPLOITED_BY
CVE-2015-1641,Threat-Actor-93,EXPLOITED_BY
CVE-2017-0144,Threat-Actor-93,EXPLOITED_BY
CVE-2019-0604,Threat-Actor-93,EXPLOITED_BY
CVE-2019-0708,Threat-Actor-93,EXPLOITED_BY
CVE-2018-13379,Threat-Actor-94,EXPLOITED_BY
CVE-2019-5591,Threat-Actor-94,EXPLOITED_BY
CVE-2020-12812,Threat-Actor-94,EXPLOITED_BY
CVE-2021-34473,Threat-Actor-94,EXPLOITED_BY
CVE-2018-13379,Threat-Actor-95,EXPLOITED_BY
CVE-2019-11510,Threat-Actor-95,EXPLOITED_BY
CVE-2019-1653,Threat-Actor-95,EXPLOITED_BY
CVE-2019-19781,Threat-Actor-95,EXPLOITED_BY
CVE-2019-2725,Threat-Actor-95,EXPLOITED_BY
CVE-2019-7609,Threat-Actor-95,EXPLOITED_BY
CVE-2019-9670,Threat-Actor-95,EXPLOITED_BY
CVE-2020-14882,Threat-Actor-95,EXPLOITED_BY
CVE-2020-4006,Threat-Actor-95,EXPLOITED_BY
CVE-2020-5902,Threat-Actor-95,EXPLOITED_BY
CVE-2021-1879,Threat-Actor-95,EXPLOITED_BY
CVE-2021-21972,Threat-Actor-95,EXPLOITED_BY
CVE-2021-22893,Threat-Actor-95,EXPLOITED_BY
CVE-2021-26855,Threat-Actor-95,EXPLOITED_BY
CVE-2021-36934,Threat-Actor-95,EXPLOITED_BY
CVE-2010-0806,Threat-Actor-96,EXPLOITED_BY
CVE-2010-2883,Threat-Actor-96,EXPLOITED_BY
CVE-2010-3654,Threat-Actor-96,EXPLOITED_BY
CVE-2011-2462,Threat-Actor-96,EXPLOITED_BY
CVE-2012-1723,Threat-Actor-96,EXPLOITED_BY
CVE-2012-1889,Threat-Actor-96,EXPLOITED_BY
CVE-2012-4969,Threat-Actor-96,EXPLOITED_BY
CVE-2013-0640,Threat-Actor-96,EXPLOITED_BY
CVE-2010-0806,Threat-Actor-97,EXPLOITED_BY
CVE-2010-2883,Threat-Actor-97,EXPLOITED_BY
CVE-2010-3654,Threat-Actor-97,EXPLOITED_BY
CVE-2011-2462,Threat-Actor-97,EXPLOITED_BY
CVE-2012-1723,Threat-Actor-97,EXPLOITED_BY
CVE-2012-1889,Threat-Actor-97,EXPLOITED_BY
CVE-2012-4969,Threat-Actor-97,EXPLOITED_BY
CVE-2013-0640,Threat-Actor-97,EXPLOITED_BY
CVE-2010-3333,Threat-Actor-98,EXPLOITED_BY
CVE-2013-0640,Threat-Actor-98,EXPLOITED_BY
CVE-2013-0641,Threat-Actor-98,EXPLOITED_BY
CVE-2014-4114,Threat-Actor-99,EXPLOITED_BY
CVE-2016-7836,Threat-Actor-99,EXPLOITED_BY
CVE-2018-0798,Threat-Actor-99,EXPLOITED_BY
CVE-2018-0802,Threat-Actor-99,EXPLOITED_BY
CVE-2019-18187,Threat-Actor-99,EXPLOITED_BY
CVE-2021-26855,Threat-Actor-99,EXPLOITED_BY
CVE-2021-26857,Threat-Actor-99,EXPLOITED_BY
CVE-2021-26858,Threat-Actor-99,EXPLOITED_BY
CVE-2021-27065,Threat-Actor-99,EXPLOITED_BY
CVE-2018-8174,Threat-Actor-100,EXPLOITED_BY
CVE-2021-26855,Threat-Actor-100,EXPLOITED_BY
CVE-2021-26857,Threat-Actor-100,EXPLOITED_BY
CVE-2021-26858,Threat-Actor-100,EXPLOITED_BY
CVE-2021-27065,Threat-Actor-100,EXPLOITED_BY
CVE-2021-26855,Threat-Actor-101,EXPLOITED_BY
CVE-2021-31207,Threat-Actor-101,EXPLOITED_BY
CVE-2021-34473,Threat-Actor-101,EXPLOITED_BY
CVE-2021-34523,Threat-Actor-101,EXPLOITED_BY
CVE-2019-11510,Threat-Actor-102,EXPLOITED_BY
CVE-2021-26855,Threat-Actor-102,EXPLOITED_BY
CVE-2021-26857,Threat-Actor-102,EXPLOITED_BY
CVE-2021-26858,Threat-Actor-102,EXPLOITED_BY
CVE-2021-27065,Threat-Actor-102,EXPLOITED_BY
CVE-2011-0611,Threat-Actor-103,EXPLOITED_BY
CVE-2014-4114,Threat-Actor-103,EXPLOITED_BY
CVE-2014-6332,Threat-Actor-103,EXPLOITED_BY
CVE-2016-7836,Threat-Actor-103,EXPLOITED_BY
CVE-2018-0798,Threat-Actor-103,EXPLOITED_BY
CVE-2018-0802,Threat-Actor-103,EXPLOITED_BY
CVE-2019-18187,Threat-Actor-103,EXPLOITED_BY
CVE-2021-26855,Threat-Actor-103,EXPLOITED_BY
CVE-2021-26857,Threat-Actor-103,EXPLOITED_BY
CVE-2021-26858,Threat-Actor-103,EXPLOITED_BY
CVE-2021-27065,Threat-Actor-103,EXPLOITED_BY
CVE-2018-8405,Threat-Actor-104,EXPLOITED_BY
CVE-2018-8406,Threat-Actor-104,EXPLOITED_BY
CVE-2021-20016,Threat-Actor-104,EXPLOITED_BY
CVE-2021-26855,Threat-Actor-104,EXPLOITED_BY
CVE-2021-27065,Threat-Actor-104,EXPLOITED_BY
CVE-2021-30116,Threat-Actor-104,EXPLOITED_BY
CVE-2021-30119,Threat-Actor-104,EXPLOITED_BY
CVE-2017-0143,Threat-Actor-105,EXPLOITED_BY
CVE-2021-26855,Threat-Actor-105,EXPLOITED_BY
CVE-2021-26857,Threat-Actor-105,EXPLOITED_BY
CVE-2021-26858,Threat-Actor-105,EXPLOITED_BY
CVE-2021-27065,Threat-Actor-105,EXPLOITED_BY
CVE-2019-11510,Threat-Actor-106,EXPLOITED_BY
CVE-2019-16278,Threat-Actor-106,EXPLOITED_BY
CVE-2019-1652,Threat-Actor-106,EXPLOITED_BY
CVE-2019-1653,Threat-Actor-106,EXPLOITED_BY
CVE-2019-16920,Threat-Actor-106,EXPLOITED_BY
CVE-2019-19781,Threat-Actor-106,EXPLOITED_BY
CVE-2020-10189,Threat-Actor-106,EXPLOITED_BY
CVE-2021-26855,Threat-Actor-106,EXPLOITED_BY
CVE-2021-26857,Threat-Actor-106,EXPLOITED_BY
CVE-2021-26858,Threat-Actor-106,EXPLOITED_BY
CVE-2021-27065,Threat-Actor-106,EXPLOITED_BY
CVE-2018-8174,Threat-Actor-107,EXPLOITED_BY
CVE-2021-26855,Threat-Actor-107,EXPLOITED_BY
CVE-2021-26857,Threat-Actor-107,EXPLOITED_BY
CVE-2021-26858,Threat-Actor-107,EXPLOITED_BY
CVE-2021-27065,Threat-Actor-107,EXPLOITED_BY
CVE-2021-26855,Threat-Actor-108,EXPLOITED_BY
CVE-2021-26857,Threat-Actor-108,EXPLOITED_BY
CVE-2021-26858,Threat-Actor-108,EXPLOITED_BY
CVE-2021-27065,Threat-Actor-108,EXPLOITED_BY
CVE-2018-8453,Threat-Actor-109,EXPLOITED_BY
CVE-2019-11510,Threat-Actor-109,EXPLOITED_BY
CVE-2019-19781,Threat-Actor-109,EXPLOITED_BY
CVE-2019-2725,Threat-Actor-109,EXPLOITED_BY
CVE-2020-5902,Threat-Actor-110,EXPLOITED_BY
CVE-2021-22205,Threat-Actor-111,EXPLOITED_BY
CVE-2021-22893,Threat-Actor-111,EXPLOITED_BY
CVE-2021-26084,Threat-Actor-111,EXPLOITED_BY
CVE-2021-40539,Threat-Actor-111,EXPLOITED_BY
CVE-2021-44077,Threat-Actor-111,EXPLOITED_BY
CVE-2021-44515,Threat-Actor-111,EXPLOITED_BY
CVE-2012-0158,Threat-Actor-112,EXPLOITED_BY
CVE-2015-1641,Threat-Actor-112,EXPLOITED_BY
CVE-2012-0158,Threat-Actor-113,EXPLOITED_BY
CVE-2012-0158,Threat-Actor-114,EXPLOITED_BY
CVE-2012-2539,Threat-Actor-114,EXPLOITED_BY
CVE-2013-5014,Threat-Actor-114,EXPLOITED_BY
CVE-2013-5015,Threat-Actor-114,EXPLOITED_BY
CVE-2014-0322,Threat-Actor-114,EXPLOITED_BY
CVE-2014-1761,Threat-Actor-114,EXPLOITED_BY
CVE-2012-0158,Threat-Actor-115,EXPLOITED_BY
CVE-2015-1641,Threat-Actor-115,EXPLOITED_BY
CVE-2012-0158,Threat-Actor-116,EXPLOITED_BY
CVE-2009-3129,Threat-Actor-117,EXPLOITED_BY
CVE-2010-2883,Threat-Actor-117,EXPLOITED_BY
CVE-2010-3333,Threat-Actor-117,EXPLOITED_BY
CVE-2012-0158,Threat-Actor-117,EXPLOITED_BY
CVE-2012-4969,Threat-Actor-117,EXPLOITED_BY
CVE-2010-3333,Threat-Actor-118,EXPLOITED_BY
CVE-2012-0158,Threat-Actor-118,EXPLOITED_BY
CVE-2012-0158,Threat-Actor-119,EXPLOITED_BY
CVE-2014-1761,Threat-Actor-119,EXPLOITED_BY
CVE-2009-3129,Threat-Actor-120,EXPLOITED_BY
CVE-2009-4324,Threat-Actor-120,EXPLOITED_BY
CVE-2010-1297,Threat-Actor-120,EXPLOITED_BY
CVE-2010-2883,Threat-Actor-120,EXPLOITED_BY
CVE-2011-0611,Threat-Actor-120,EXPLOITED_BY
CVE-2012-0158,Threat-Actor-120,EXPLOITED_BY
CVE-2014-1761,Threat-Actor-120,EXPLOITED_BY
CVE-2010-3333,Threat-Actor-121,EXPLOITED_BY
CVE-2012-0158,Threat-Actor-121,EXPLOITED_BY
CVE-2012-1856,Threat-Actor-121,EXPLOITED_BY
CVE-2009-3129,Threat-Actor-122,EXPLOITED_BY
CVE-2010-3333,Threat-Actor-122,EXPLOITED_BY
CVE-2011-3544,Threat-Actor-122,EXPLOITED_BY
CVE-2012-0158,Threat-Actor-122,EXPLOITED_BY
CVE-2010-3333,Threat-Actor-123,EXPLOITED_BY
CVE-2012-0158,Threat-Actor-123,EXPLOITED_BY
CVE-2013-3660,Threat-Actor-123,EXPLOITED_BY
CVE-2013-3906,Threat-Actor-123,EXPLOITED_BY
CVE-2014-1761,Threat-Actor-123,EXPLOITED_BY
CVE-2016-0189,Threat-Actor-123,EXPLOITED_BY
CVE-2012-0158,Threat-Actor-124,EXPLOITED_BY
CVE-2012-4792,Threat-Actor-124,EXPLOITED_BY
CVE-2010-3333,Threat-Actor-125,EXPLOITED_BY
CVE-2012-0158,Threat-Actor-125,EXPLOITED_BY
CVE-2012-1856,Threat-Actor-125,EXPLOITED_BY
CVE-2012-0158,Threat-Actor-126,EXPLOITED_BY
CVE-2012-1723,Threat-Actor-126,EXPLOITED_BY
CVE-2012-1856,Threat-Actor-126,EXPLOITED_BY
CVE-2013-0422,Threat-Actor-126,EXPLOITED_BY
CVE-2009-3129,Threat-Actor-127,EXPLOITED_BY
CVE-2010-3333,Threat-Actor-127,EXPLOITED_BY
CVE-2012-0158,Threat-Actor-127,EXPLOITED_BY
CVE-2013-1347,Threat-Actor-127,EXPLOITED_BY
CVE-2013-2729,Threat-Actor-127,EXPLOITED_BY
CVE-2013-3897,Threat-Actor-127,EXPLOITED_BY
CVE-2013-3906,Threat-Actor-127,EXPLOITED_BY
CVE-2014-0515,Threat-Actor-127,EXPLOITED_BY
CVE-2014-1761,Threat-Actor-127,EXPLOITED_BY
CVE-2014-1776,Threat-Actor-127,EXPLOITED_BY
CVE-2014-4076,Threat-Actor-127,EXPLOITED_BY
CVE-2015-1641,Threat-Actor-127,EXPLOITED_BY
CVE-2015-1642,Threat-Actor-127,EXPLOITED_BY
CVE-2015-1701,Threat-Actor-127,EXPLOITED_BY
CVE-2015-2387,Threat-Actor-127,EXPLOITED_BY
CVE-2015-2424,Threat-Actor-127,EXPLOITED_BY
CVE-2015-2590,Threat-Actor-127,EXPLOITED_BY
CVE-2015-3043,Threat-Actor-127,EXPLOITED_BY
CVE-2015-4902,Threat-Actor-127,EXPLOITED_BY
CVE-2015-5119,Threat-Actor-127,EXPLOITED_BY
CVE-2015-7645,Threat-Actor-127,EXPLOITED_BY
CVE-2016-1019,Threat-Actor-127,EXPLOITED_BY
CVE-2016-4117,Threat-Actor-127,EXPLOITED_BY
CVE-2016-7255,Threat-Actor-127,EXPLOITED_BY
CVE-2016-7855,Threat-Actor-127,EXPLOITED_BY
CVE-2017-0144,Threat-Actor-127,EXPLOITED_BY
CVE-2017-0262,Threat-Actor-127,EXPLOITED_BY
CVE-2017-0263,Threat-Actor-127,EXPLOITED_BY
CVE-2012-0158,Threat-Actor-128,EXPLOITED_BY
CVE-2012-0158,Threat-Actor-129,EXPLOITED_BY
CVE-2013-3906,Threat-Actor-129,EXPLOITED_BY
CVE-2014-1761,Threat-Actor-129,EXPLOITED_BY
CVE-2015-1641,Threat-Actor-129,EXPLOITED_BY
CVE-2012-0158,Threat-Actor-130,EXPLOITED_BY
CVE-2014-0515,Threat-Actor-131,EXPLOITED_BY
CVE-2015-5119,Threat-Actor-131,EXPLOITED_BY
CVE-2015-5122,Threat-Actor-131,EXPLOITED_BY
CVE-2015-5119,Threat-Actor-132,EXPLOITED_BY
CVE-2015-5122,Threat-Actor-132,EXPLOITED_BY
CVE-2015-5119,Threat-Actor-133,EXPLOITED_BY
CVE-2016-0984,Threat-Actor-133,EXPLOITED_BY
CVE-2016-4117,Threat-Actor-133,EXPLOITED_BY
CVE-2017-11292,Threat-Actor-133,EXPLOITED_BY
CVE-2017-8759,Threat-Actor-133,EXPLOITED_BY
CVE-2015-5119,Threat-Actor-134,EXPLOITED_BY
CVE-2014-0497,Threat-Actor-135,EXPLOITED_BY
CVE-2014-3153,Threat-Actor-135,EXPLOITED_BY
CVE-2015-0349,Threat-Actor-135,EXPLOITED_BY
CVE-2015-2387,Threat-Actor-135,EXPLOITED_BY
CVE-2015-2419,Threat-Actor-135,EXPLOITED_BY
CVE-2015-2425,Threat-Actor-135,EXPLOITED_BY
CVE-2015-2426,Threat-Actor-135,EXPLOITED_BY
CVE-2015-5119,Threat-Actor-135,EXPLOITED_BY
CVE-2015-5122,Threat-Actor-135,EXPLOITED_BY
CVE-2015-5123,Threat-Actor-135,EXPLOITED_BY
CVE-2016-0034,Threat-Actor-135,EXPLOITED_BY
CVE-2019-11510,Threat-Actor-136,EXPLOITED_BY
CVE-2020-8243,Threat-Actor-136,EXPLOITED_BY
CVE-2020-8260,Threat-Actor-136,EXPLOITED_BY
CVE-2021-20021,Threat-Actor-136,EXPLOITED_BY
CVE-2021-20023,Threat-Actor-136,EXPLOITED_BY
CVE-2021-22893,Threat-Actor-136,EXPLOITED_BY
CVE-2019-11510,Threat-Actor-137,EXPLOITED_BY
CVE-2020-8243,Threat-Actor-137,EXPLOITED_BY
CVE-2020-8260,Threat-Actor-137,EXPLOITED_BY
CVE-2021-22893,Threat-Actor-137,EXPLOITED_BY
CVE-2009-3129,Threat-Actor-138,EXPLOITED_BY
CVE-2012-1723,Threat-Actor-138,EXPLOITED_BY
CVE-2012-4681,Threat-Actor-138,EXPLOITED_BY
CVE-2013-2729,Threat-Actor-138,EXPLOITED_BY
CVE-2013-3346,Threat-Actor-138,EXPLOITED_BY
CVE-2013-5065,Threat-Actor-138,EXPLOITED_BY
CVE-2016-7255,Threat-Actor-138,EXPLOITED_BY
CVE-2017-0001,Threat-Actor-138,EXPLOITED_BY
CVE-2017-0261,Threat-Actor-138,EXPLOITED_BY
CVE-2017-0262,Threat-Actor-138,EXPLOITED_BY
CVE-2017-0263,Threat-Actor-138,EXPLOITED_BY
CVE-2019-11510,Threat-Actor-138,EXPLOITED_BY
CVE-2020-0688,Threat-Actor-138,EXPLOITED_BY
CVE-2019-11510,Threat-Actor-139,EXPLOITED_BY
CVE-2020-8243,Threat-Actor-139,EXPLOITED_BY
CVE-2020-8260,Threat-Actor-139,EXPLOITED_BY
CVE-2021-22893,Threat-Actor-139,EXPLOITED_BY
CVE-2017-7269,Threat-Actor-140,EXPLOITED_BY
CVE-1999-0192,Threat-Actor-141,EXPLOITED_BY
CVE-2001-0236,Threat-Actor-141,EXPLOITED_BY
CVE-2001-0550,Threat-Actor-141,EXPLOITED_BY
CVE-2001-0690,Threat-Actor-141,EXPLOITED_BY
CVE-2001-0797,Threat-Actor-141,EXPLOITED_BY
CVE-2003-0109,Threat-Actor-141,EXPLOITED_BY
CVE-2003-0127,Threat-Actor-141,EXPLOITED_BY
CVE-2003-0201,Threat-Actor-141,EXPLOITED_BY
CVE-2003-0352,Threat-Actor-141,EXPLOITED_BY
CVE-2003-0681,Threat-Actor-141,EXPLOITED_BY
CVE-2004-1315,Threat-Actor-141,EXPLOITED_BY
CVE-2006-3439,Threat-Actor-141,EXPLOITED_BY
CVE-2010-2568,Threat-Actor-141,EXPLOITED_BY
CVE-2011-3402,Threat-Actor-141,EXPLOITED_BY
CVE-2011-4130,Threat-Actor-141,EXPLOITED_BY
CVE-2012-0159,Threat-Actor-141,EXPLOITED_BY
CVE-2012-1723,Threat-Actor-141,EXPLOITED_BY
CVE-2012-4681,Threat-Actor-141,EXPLOITED_BY
CVE-2013-3918,Threat-Actor-141,EXPLOITED_BY
CVE-2014-4148,Threat-Actor-141,EXPLOITED_BY
CVE-2014-6324,Threat-Actor-141,EXPLOITED_BY
CVE-2015-2360,Threat-Actor-141,EXPLOITED_BY
CVE-2016-6366,Threat-Actor-141,EXPLOITED_BY
CVE-2016-6367,Threat-Actor-141,EXPLOITED_BY
CVE-2016-6415,Threat-Actor-141,EXPLOITED_BY
CVE-2016-6909,Threat-Actor-141,EXPLOITED_BY
CVE-2016-7089,Threat-Actor-141,EXPLOITED_BY
CVE-2017-0005,Threat-Actor-141,EXPLOITED_BY
CVE-2017-0143,Threat-Actor-141,EXPLOITED_BY
CVE-2017-0144,Threat-Actor-141,EXPLOITED_BY
CVE-2017-0145,Threat-Actor-141,EXPLOITED_BY
CVE-2017-3622,Threat-Actor-141,EXPLOITED_BY
CVE-2017-3623,Threat-Actor-141,EXPLOITED_BY
CVE-2010-3962,Threat-Actor-142,EXPLOITED_BY
CVE-2014-1776,Threat-Actor-142,EXPLOITED_BY
CVE-2015-3113,Threat-Actor-142,EXPLOITED_BY
CVE-2017-0143,Threat-Actor-142,EXPLOITED_BY
CVE-2017-0145,Threat-Actor-142,EXPLOITED_BY
CVE-2019-0703,Threat-Actor-142,EXPLOITED_BY
CVE-2015-6585,Threat-Actor-143,EXPLOITED_BY
CVE-2015-8651,Threat-Actor-143,EXPLOITED_BY
CVE-2016-0034,Threat-Actor-143,EXPLOITED_BY
CVE-2016-1019,Threat-Actor-143,EXPLOITED_BY
CVE-2016-4117,Threat-Actor-143,EXPLOITED_BY
CVE-2017-0144,Threat-Actor-143,EXPLOITED_BY
CVE-2017-0145,Threat-Actor-143,EXPLOITED_BY
CVE-2018-4878,Threat-Actor-143,EXPLOITED_BY
CVE-2017-12149,Threat-Actor-144,EXPLOITED_BY
CVE-2021-31207,Threat-Actor-144,EXPLOITED_BY
CVE-2021-34473,Threat-Actor-144,EXPLOITED_BY
CVE-2021-34523,Threat-Actor-144,EXPLOITED_BY
CVE-2012-4792,Threat-Actor-145,EXPLOITED_BY
CVE-2012-4969,Threat-Actor-145,EXPLOITED_BY
CVE-2014-0322,Threat-Actor-145,EXPLOITED_BY
CVE-2017-5638,Threat-Actor-145,EXPLOITED_BY
CVE-2012-3152,Threat-Actor-146,EXPLOITED_BY
CVE-2019-11581,Threat-Actor-146,EXPLOITED_BY
CVE-2019-3396,Threat-Actor-146,EXPLOITED_BY
CVE-2011-3402,Threat-Actor-147,EXPLOITED_BY
CVE-2014-4148,Threat-Actor-147,EXPLOITED_BY
CVE-2014-6324,Threat-Actor-147,EXPLOITED_BY
CVE-2015-2360,Threat-Actor-147,EXPLOITED_BY
CVE-2010-0806,Threat-Actor-148,EXPLOITED_BY
CVE-2010-1297,Threat-Actor-148,EXPLOITED_BY
CVE-2010-2883,Threat-Actor-148,EXPLOITED_BY
CVE-2010-2884,Threat-Actor-148,EXPLOITED_BY
CVE-2010-3333,Threat-Actor-148,EXPLOITED_BY
CVE-2012-4681,Threat-Actor-148,EXPLOITED_BY
CVE-2015-2545,Threat-Actor-148,EXPLOITED_BY
CVE-2010-0806,Threat-Actor-149,EXPLOITED_BY
CVE-2010-1297,Threat-Actor-149,EXPLOITED_BY
CVE-2010-2883,Threat-Actor-149,EXPLOITED_BY
CVE-2010-2884,Threat-Actor-149,EXPLOITED_BY
CVE-2010-3333,Threat-Actor-149,EXPLOITED_BY
CVE-2012-4681,Threat-Actor-149,EXPLOITED_BY
CVE-2015-2545,Threat-Actor-149,EXPLOITED_BY
CVE-2010-2883,Threat-Actor-150,EXPLOITED_BY
CVE-2010-3333,Threat-Actor-150,EXPLOITED_BY
CVE-2010-3654,Threat-Actor-150,EXPLOITED_BY
CVE-2011-0611,Threat-Actor-150,EXPLOITED_BY
CVE-2011-2462,Threat-Actor-150,EXPLOITED_BY
CVE-2018-0798,Threat-Actor-151,EXPLOITED_BY
CVE-2021-31207,Threat-Actor-151,EXPLOITED_BY
CVE-2021-34473,Threat-Actor-151,EXPLOITED_BY
CVE-2021-34523,Threat-Actor-151,EXPLOITED_BY
CVE-2018-0798,Threat-Actor-152,EXPLOITED_BY
CVE-2018-0798,Threat-Actor-153,EXPLOITED_BY
CVE-2018-0798,Threat-Actor-154,EXPLOITED_BY
CVE-2018-20250,Threat-Actor-155,EXPLOITED_BY
CVE-2018-20250,Threat-Actor-156,EXPLOITED_BY
CVE-2017-11774,Threat-Actor-157,EXPLOITED_BY
CVE-2018-20250,Threat-Actor-157,EXPLOITED_BY
CVE-2017-11774,Threat-Actor-158,EXPLOITED_BY
CVE-2018-20250,Threat-Actor-158,EXPLOITED_BY
CVE-2017-8570,Threat-Actor-159,EXPLOITED_BY
CVE-2017-8570,Threat-Actor-160,EXPLOITED_BY
CVE-2014-4114,Threat-Actor-161,EXPLOITED_BY
CVE-2013-3906,Threat-Actor-162,EXPLOITED_BY
CVE-2014-4114,Threat-Actor-162,EXPLOITED_BY
CVE-2019-10149,Threat-Actor-162,EXPLOITED_BY
CVE-2013-3906,Threat-Actor-163,EXPLOITED_BY
CVE-2014-4114,Threat-Actor-163,EXPLOITED_BY
CVE-2019-10149,Threat-Actor-163,EXPLOITED_BY
CVE-2022-23176,Threat-Actor-163,EXPLOITED_BY
CVE-2021-31207,Threat-Actor-164,EXPLOITED_BY
CVE-2021-34473,Threat-Actor-164,EXPLOITED_BY
CVE-2021-34523,Threat-Actor-164,EXPLOITED_BY
CVE-2021-36942,Threat-Actor-164,EXPLOITED_BY
CVE-2021-31207,Threat-Actor-165,EXPLOITED_BY
CVE-2021-34473,Threat-Actor-165,EXPLOITED_BY
CVE-2021-34523,Threat-Actor-165,EXPLOITED_BY
CVE-2021-31207,Threat-Actor-166,EXPLOITED_BY
CVE-2021-34473,Threat-Actor-166,EXPLOITED_BY
CVE-2021-34523,Threat-Actor-166,EXPLOITED_BY
CVE-2021-31207,Threat-Actor-167,EXPLOITED_BY
CVE-2021-34473,Threat-Actor-167,EXPLOITED_BY
CVE-2021-34523,Threat-Actor-167,EXPLOITED_BY
CVE-2018-8174,Threat-Actor-168,EXPLOITED_BY
CVE-2014-6332,Threat-Actor-169,EXPLOITED_BY
CVE-2011-0611,Threat-Actor-170,EXPLOITED_BY
CVE-2012-1723,Threat-Actor-170,EXPLOITED_BY
CVE-2012-4792,Threat-Actor-170,EXPLOITED_BY
CVE-2013-1347,Threat-Actor-170,EXPLOITED_BY
CVE-2013-2465,Threat-Actor-170,EXPLOITED_BY
CVE-2015-5374,Threat-Actor-170,EXPLOITED_BY
CVE-2017-11317,Threat-Actor-171,EXPLOITED_BY
CVE-2019-18935,Threat-Actor-171,EXPLOITED_BY
CVE-2019-18935,Threat-Actor-172,EXPLOITED_BY
CVE-2011-3544,Threat-Actor-173,EXPLOITED_BY
CVE-2012-1723,Threat-Actor-173,EXPLOITED_BY
CVE-2012-1875,Threat-Actor-173,EXPLOITED_BY
CVE-2012-1889,Threat-Actor-173,EXPLOITED_BY
CVE-2013-0634,Threat-Actor-173,EXPLOITED_BY
CVE-2013-1493,Threat-Actor-173,EXPLOITED_BY
CVE-2013-3893,Threat-Actor-173,EXPLOITED_BY
CVE-2014-0322,Threat-Actor-173,EXPLOITED_BY
CVE-2011-3544,Threat-Actor-174,EXPLOITED_BY
CVE-2012-1723,Threat-Actor-174,EXPLOITED_BY
CVE-2012-1875,Threat-Actor-174,EXPLOITED_BY
CVE-2012-1889,Threat-Actor-174,EXPLOITED_BY
CVE-2013-0634,Threat-Actor-174,EXPLOITED_BY
CVE-2013-1493,Threat-Actor-174,EXPLOITED_BY
CVE-2013-3893,Threat-Actor-174,EXPLOITED_BY
CVE-2014-0322,Threat-Actor-174,EXPLOITED_BY
CVE-2016-4117,Threat-Actor-175,EXPLOITED_BY
CVE-2016-4117,Threat-Actor-176,EXPLOITED_BY
CVE-2015-8651,Threat-Actor-177,EXPLOITED_BY
CVE-2016-0162,Threat-Actor-177,EXPLOITED_BY
CVE-2016-1019,Threat-Actor-177,EXPLOITED_BY
CVE-2016-3298,Threat-Actor-177,EXPLOITED_BY
CVE-2016-3351,Threat-Actor-177,EXPLOITED_BY
CVE-2016-4117,Threat-Actor-177,EXPLOITED_BY
CVE-2014-0322,Threat-Actor-178,EXPLOITED_BY
CVE-2014-4113,Threat-Actor-178,EXPLOITED_BY
CVE-2011-2462,Threat-Actor-179,EXPLOITED_BY
CVE-2012-1889,Threat-Actor-179,EXPLOITED_BY
CVE-2012-4792,Threat-Actor-179,EXPLOITED_BY
CVE-2013-3163,Threat-Actor-179,EXPLOITED_BY
CVE-2013-3893,Threat-Actor-179,EXPLOITED_BY
CVE-2014-0322,Threat-Actor-179,EXPLOITED_BY
CVE-2010-0249,Threat-Actor-180,EXPLOITED_BY
CVE-2011-0609,Threat-Actor-180,EXPLOITED_BY
CVE-2011-0611,Threat-Actor-180,EXPLOITED_BY
CVE-2011-2110,Threat-Actor-180,EXPLOITED_BY
CVE-2012-0779,Threat-Actor-180,EXPLOITED_BY
CVE-2012-1535,Threat-Actor-180,EXPLOITED_BY
CVE-2012-1875,Threat-Actor-180,EXPLOITED_BY
CVE-2012-1889,Threat-Actor-180,EXPLOITED_BY
CVE-2015-5122,Threat-Actor-181,EXPLOITED_BY
CVE-2011-2462,Threat-Actor-182,EXPLOITED_BY
CVE-2011-3544,Threat-Actor-182,EXPLOITED_BY
CVE-2018-15982,Threat-Actor-183,EXPLOITED_BY
CVE-2018-15982,Threat-Actor-184,EXPLOITED_BY
CVE-2011-0611,Threat-Actor-185,EXPLOITED_BY
CVE-2011-0611,Threat-Actor-186,EXPLOITED_BY
CVE-2015-1701,Threat-Actor-187,EXPLOITED_BY
CVE-2015-2545,Threat-Actor-187,EXPLOITED_BY
CVE-2015-2546,Threat-Actor-187,EXPLOITED_BY
CVE-2015-1701,Threat-Actor-188,EXPLOITED_BY
CVE-2015-2545,Threat-Actor-188,EXPLOITED_BY
CVE-2015-2545,Threat-Actor-189,EXPLOITED_BY
CVE-2013-1331,Threat-Actor-190,EXPLOITED_BY
CVE-2013-7331,Threat-Actor-190,EXPLOITED_BY
CVE-2015-2545,Threat-Actor-190,EXPLOITED_BY
CVE-2018-8414,Threat-Actor-191,EXPLOITED_BY
CVE-2019-1458,Threat-Actor-192,EXPLOITED_BY
CVE-2019-13720,Threat-Actor-193,EXPLOITED_BY
CVE-2019-1458,Threat-Actor-193,EXPLOITED_BY
CVE-2019-5544,Threat-Actor-194,EXPLOITED_BY
CVE-2020-3992,Threat-Actor-194,EXPLOITED_BY
CVE-2018-8453,Threat-Actor-195,EXPLOITED_BY
CVE-2018-8589,Threat-Actor-195,EXPLOITED_BY
CVE-2018-8611,Threat-Actor-195,EXPLOITED_BY
CVE-2019-0797,Threat-Actor-195,EXPLOITED_BY
CVE-2016-3393,Threat-Actor-196,EXPLOITED_BY
CVE-2018-5002,Threat-Actor-196,EXPLOITED_BY
CVE-2018-8453,Threat-Actor-196,EXPLOITED_BY
CVE-2018-8589,Threat-Actor-196,EXPLOITED_BY
CVE-2018-8611,Threat-Actor-196,EXPLOITED_BY
CVE-2019-0797,Threat-Actor-196,EXPLOITED_BY
CVE-2020-0787,Threat-Actor-197,EXPLOITED_BY
CVE-2021-20016,Threat-Actor-198,EXPLOITED_BY
CVE-2015-2051,Threat-Actor-199,EXPLOITED_BY
CVE-2018-10562,Threat-Actor-199,EXPLOITED_BY
CVE-2018-8440,Threat-Actor-200,EXPLOITED_BY
CVE-2017-0213,Threat-Actor-201,EXPLOITED_BY
CVE-2010-4398,Threat-Actor-202,EXPLOITED_BY
CVE-2011-2005,Threat-Actor-202,EXPLOITED_BY
CVE-2013-3660,Threat-Actor-202,EXPLOITED_BY
CVE-2010-4398,Threat-Actor-203,EXPLOITED_BY
CVE-2011-2005,Threat-Actor-203,EXPLOITED_BY
CVE-2013-3660,Threat-Actor-203,EXPLOITED_BY
CVE-2017-0005,Threat-Actor-204,EXPLOITED_BY
CVE-2019-0803,Threat-Actor-204,EXPLOITED_BY
CVE-2017-0005,Threat-Actor-205,EXPLOITED_BY
CVE-2019-0803,Threat-Actor-205,EXPLOITED_BY
CVE-2016-0167,Threat-Actor-206,EXPLOITED_BY
CVE-2020-0986,Threat-Actor-207,EXPLOITED_BY
CVE-2020-1380,Threat-Actor-207,EXPLOITED_BY
CVE-2020-0968,Threat-Actor-208,EXPLOITED_BY
CVE-2014-0160,Threat-Actor-209,EXPLOITED_BY
CVE-2021-40449,Threat-Actor-210,EXPLOITED_BY
CVE-2021-40449,Threat-Actor-211,EXPLOITED_BY
CVE-2022-22954,Threat-Actor-212,EXPLOITED_BY
CVE-2014-4148,Threat-Actor-213,EXPLOITED_BY
CVE-2017-3881,Threat-Actor-213,EXPLOITED_BY
CVE-2017-5070,Threat-Actor-214,EXPLOITED_BY
CVE-2018-17463,Threat-Actor-214,EXPLOITED_BY
CVE-2018-6065,Threat-Actor-214,EXPLOITED_BY
CVE-2019-5825,Threat-Actor-214,EXPLOITED_BY
CVE-2001-0507,Threat-Actor-215,EXPLOITED_BY
CVE-2010-5326,Threat-Actor-215,EXPLOITED_BY
CVE-2015-7450,Threat-Actor-215,EXPLOITED_BY
CVE-2017-1000486,Threat-Actor-215,EXPLOITED_BY
CVE-2021-21220,Threat-Actor-216,EXPLOITED_BY
CVE-2021-21224,Threat-Actor-216,EXPLOITED_BY
CVE-2021-31955,Threat-Actor-216,EXPLOITED_BY
CVE-2021-31956,Threat-Actor-216,EXPLOITED_BY
CVE-2019-13720,Threat-Actor-217,EXPLOITED_BY
CVE-2016-4655,Threat-Actor-218,EXPLOITED_BY
CVE-2016-4656,Threat-Actor-218,EXPLOITED_BY
CVE-2016-4657,Threat-Actor-218,EXPLOITED_BY
CVE-2019-2215,Threat-Actor-218,EXPLOITED_BY
CVE-2019-3568,Threat-Actor-218,EXPLOITED_BY
CVE-2021-20021,Threat-Actor-219,EXPLOITED_BY
CVE-2021-20022,Threat-Actor-219,EXPLOITED_BY
CVE-2021-20023,Threat-Actor-219,EXPLOITED_BY
CVE-2021-31979,Threat-Actor-220,EXPLOITED_BY
CVE-2021-33771,Threat-Actor-220,EXPLOITED_BY
CVE-2014-0515,Threat-Actor-221,EXPLOITED_BY
CVE-2014-0546,Threat-Actor-221,EXPLOITED_BY
CVE-2016-9079,Threat-Actor-222,EXPLOITED_BY
CVE-2014-8361,Threat-Actor-223,EXPLOITED_BY
CVE-2015-2052,Threat-Actor-223,EXPLOITED_BY
CVE-2017-17215,Threat-Actor-223,EXPLOITED_BY
CVE-2016-0051,Threat-Actor-224,EXPLOITED_BY
CVE-2007-5633,Threat-Actor-225,EXPLOITED_BY
CVE-2009-0824,Threat-Actor-225,EXPLOITED_BY
CVE-2010-1592,Threat-Actor-225,EXPLOITED_BY
CVE-2019-5736,Threat-Actor-226,EXPLOITED_BY
CVE-2022-24934,Threat-Actor-227,EXPLOITED_BY
CVE-2015-5374,Threat-Actor-228,EXPLOITED_BY
CVE-2020-15368,Threat-Actor-229,EXPLOITED_BY
CVE-2015-6585,Threat-Actor-230,EXPLOITED_BY