:START_ID(Detections-ID),:END_ID(Qualys-ID),:TYPE
detection-481cd2f4-d5fc-41a6-95e3-41e8d407e94e,379000,MORE_INFORMATION
detection-78703466-b618-4613-8fd9-0b2d1d6b92f5,379001,MORE_INFORMATION
detection-b5133bc0-5786-4d49-8b67-7f11d2a6efe6,379078,MORE_INFORMATION
detection-caff84fd-a590-4c45-a6d3-9b7496977e4f,379080,MORE_INFORMATION
detection-801a0c04-df9b-4059-bb2d-cd5e1b16842b,379116,MORE_INFORMATION
detection-7f94362e-a5fa-493b-9f40-497dce7b14ce,379299,MORE_INFORMATION
detection-25d96501-a4e2-4130-8a7a-e0220bde3d02,379337,MORE_INFORMATION
detection-26d0c0e0-f492-4647-93e6-0508e69d1a92,379367,MORE_INFORMATION
detection-b1ceb275-40e8-4e59-8de8-077a95c8f598,38896,MORE_INFORMATION
detection-fd94f5fa-cbda-404f-82c1-a2ef0d9ca415,38909,MORE_INFORMATION
detection-c32446d5-a65c-465d-a203-5a8a8235415a,38919,MORE_INFORMATION
detection-1dd249a0-bbce-4307-ae08-2b370eb9b64f,38900,MORE_INFORMATION
detection-65b13512-192a-4547-ba3a-c0a37898bff9,38903,MORE_INFORMATION
detection-dd6ea2e6-31ef-44a0-a7a4-0797cbdfc93b,38904,MORE_INFORMATION
detection-4a5e8a5c-e6ef-4b3e-86d9-020f5b46f769,38909,MORE_INFORMATION
detection-d655d1fa-6f06-4979-b883-24b08cd516d8,38915,MORE_INFORMATION
detection-9801121b-647f-49d0-a144-5beae42e1980,38919,MORE_INFORMATION
detection-9e357817-7fdb-4c22-9624-26da668fa175,38867,MORE_INFORMATION
detection-683751a5-d9a7-4457-946f-f468d10c8426,38909,MORE_INFORMATION
detection-e9506081-80ac-4c80-9536-3f208c705e9c,38915,MORE_INFORMATION
detection-2826b308-8bdd-4fcf-aaf0-195f7250b33f,38919,MORE_INFORMATION
detection-99ee781e-952a-4ca7-b4bc-6f25ca31f993,755670,MORE_INFORMATION
detection-723ca6ee-13ed-42e7-afab-9c6e8e4c1572,755685,MORE_INFORMATION
detection-f2a2dd1d-89bd-458e-8f15-2d1e2d084a62,755692,MORE_INFORMATION
detection-24b24215-ddbb-40ef-9763-b0d437454c1d,755738,MORE_INFORMATION
detection-5ad32191-ce10-4607-86b2-7197d3a27a35,755746,MORE_INFORMATION
detection-1ff4dc8d-912e-4aed-ab44-e6a929d37ac4,755754,MORE_INFORMATION
detection-dd95180e-e31e-4946-82d4-937c75c0c6bc,755795,MORE_INFORMATION
detection-d5cd1fbd-e075-4c36-9084-286023421670,755801,MORE_INFORMATION
detection-0de631f3-2834-448d-b6f8-c41e67a8ea78,755814,MORE_INFORMATION
detection-e606e9f7-d153-41d8-9191-f36b7534cbae,755816,MORE_INFORMATION
detection-88890b1a-28c8-458f-a3b3-87906e744fbe,755818,MORE_INFORMATION
detection-6d391d04-44ad-4eee-af89-60989ce4cf77,755825,MORE_INFORMATION
detection-a30a5d97-865c-401c-8dce-49c4e4943591,755826,MORE_INFORMATION
detection-1fbcca32-1c27-4ccc-8dd0-e48ddb5be659,755847,MORE_INFORMATION
detection-88814b32-b1bc-4a26-a7f8-6d60fe61fc95,38909,MORE_INFORMATION
detection-6c2b10c9-969d-47ad-ad33-99875404522a,38913,MORE_INFORMATION
detection-b41c0b45-d00b-4c4e-8aba-c2d4ea588d6c,38919,MORE_INFORMATION
detection-49320880-5f30-49a7-84e7-d83dd34f6e9f,105936,MORE_INFORMATION
detection-e5fe1991-30e1-4c5c-a9d5-f949695ce022,115284,MORE_INFORMATION
detection-d2202ad4-e791-4fad-ab9a-0357aecfc941,199177,MORE_INFORMATION
detection-04dee90b-9bd6-489b-bcaa-37c505668344,199199,MORE_INFORMATION
detection-de364e31-cb18-4437-8d25-0b498a342470,199209,MORE_INFORMATION
detection-43193b47-8f0c-4adf-b99f-c80a532b5dc5,199215,MORE_INFORMATION
detection-4fe19c50-6e3f-491a-adb2-a0016ad0e869,199221,MORE_INFORMATION
detection-cdaed763-6c49-4d0c-ae75-c2897f480b54,199244,MORE_INFORMATION
detection-c2cceac1-487c-48d3-804f-e0d8540c10af,199247,MORE_INFORMATION
detection-5da9d89d-49d9-4274-b32d-3c442932065a,199260,MORE_INFORMATION
detection-d83ae612-c874-4e9b-a6c9-682f3c803129,199271,MORE_INFORMATION
detection-e6113be9-3e78-4298-994d-e7a329aad85a,199279,MORE_INFORMATION
detection-6541c55a-4d95-416a-98d3-bb3633874868,199287,MORE_INFORMATION
detection-5210372b-a4ec-4428-80b9-9db05d717a39,199292,MORE_INFORMATION
detection-0d051fe3-f56c-4f58-b437-abac6cfac0e9,199293,MORE_INFORMATION
detection-43e80e5b-4110-4f42-a2fb-68509583d712,199307,MORE_INFORMATION
detection-01d71e2b-ab39-449f-962b-147aa60eca67,199308,MORE_INFORMATION
detection-e9381aa7-0179-4229-913b-36f6a1926c3b,199342,MORE_INFORMATION
detection-a77a3824-58fe-44da-b85e-341051cab88f,199358,MORE_INFORMATION
detection-e66d7d2a-713a-4cab-a49d-0332cd396c37,199381,MORE_INFORMATION
detection-8a6a777d-63e0-4e71-a1c6-9359ea3379fc,199382,MORE_INFORMATION
detection-f2f57031-ee19-45f2-afdf-61ce13a350e3,199391,MORE_INFORMATION
detection-10463601-678d-48ad-a3b2-fd7008e9289d,199407,MORE_INFORMATION
detection-494825bb-ed3a-49e4-b6ac-fa9910dbc8b6,199408,MORE_INFORMATION
detection-ada07f28-cf1b-42b0-991c-3ac074c33d88,199417,MORE_INFORMATION
detection-1d733d8c-1036-4bca-b482-d0e0952ef018,199419,MORE_INFORMATION
detection-4c2b2d7c-0096-4437-88ee-95fbc9deef03,199420,MORE_INFORMATION
detection-6c0d30eb-f8db-4f2d-b5a9-f8eaca1e6f33,199424,MORE_INFORMATION
detection-5b7b8843-c794-49fa-a7be-13dbc725ade9,199435,MORE_INFORMATION
detection-6dc3f38a-5331-40ac-a9b6-d15e7f6296ee,199440,MORE_INFORMATION
detection-f2343414-5e40-47aa-bb85-6c4dc38c81df,199442,MORE_INFORMATION
detection-6c09091b-0161-497b-9880-39c8729d0a9d,199604,MORE_INFORMATION
detection-abc5aa18-5bf2-4ad0-9657-e3bb388bf1be,199622,MORE_INFORMATION
detection-e7114379-f5fd-405b-b8f5-304bfd549359,199634,MORE_INFORMATION
detection-620ae2db-7169-4be8-9316-acc264d76bbd,199668,MORE_INFORMATION
detection-7afebb8d-8451-4f5d-a7be-d6915f98b5b5,199670,MORE_INFORMATION
detection-5ff6052c-aef9-4344-8cf8-8a68cbbdc357,199672,MORE_INFORMATION
detection-9bb7ed1c-0a02-4f7a-8f5e-b5586fb88811,199691,MORE_INFORMATION
detection-2d7f4e6c-fdb4-40ed-8a5a-5c7efe6e8470,199725,MORE_INFORMATION
detection-48db44a5-6632-49e5-bf75-07a12db8d07a,199729,MORE_INFORMATION
detection-05aa455d-0384-4492-9557-3d77f68a4096,199746,MORE_INFORMATION
detection-dc1a53a8-14ea-42b2-aac3-9b8bc754b7c3,199755,MORE_INFORMATION
detection-7aa9525f-c973-4793-ad6b-dbd4e055517f,199766,MORE_INFORMATION
detection-17d5cf28-7bea-4264-9ce6-987a8c846889,199772,MORE_INFORMATION
detection-8f791126-5990-402b-b96a-9280d93c7554,199778,MORE_INFORMATION
detection-f7d40327-49e2-4573-a420-c20d65bf24c1,199800,MORE_INFORMATION
detection-7fd159f8-b84a-4f1b-b1a3-c716ca8d53af,199802,MORE_INFORMATION
detection-6e37bdee-00bc-4aaa-b8ed-a9fcc2956a0e,199809,MORE_INFORMATION
detection-268b3c69-ceeb-4c53-8da7-74e8f56819cc,199815,MORE_INFORMATION
detection-546a9cf3-40c2-4f11-9c54-e8f9d7e08d94,199825,MORE_INFORMATION
detection-e7dee0d3-dd20-4dfe-84a9-0fc1551cb37f,199833,MORE_INFORMATION
detection-914ce515-7288-442e-b58c-934666288fa2,199848,MORE_INFORMATION
detection-310c2734-126b-4da6-aaf7-154376818f71,199867,MORE_INFORMATION
detection-451ade02-6671-44a5-80d0-88ff90ca4241,199878,MORE_INFORMATION
detection-48fb006b-b3ed-4ad7-a94a-a146b7b3bd41,199891,MORE_INFORMATION
detection-c064fafd-5c50-4c3f-a93c-4267f851916c,199896,MORE_INFORMATION
detection-6a3d6ac6-99c5-485b-a48b-9bbf208eebf1,199898,MORE_INFORMATION
detection-6d1f0e74-505b-431c-8451-d8e2d42a1d95,199914,MORE_INFORMATION
detection-2cda95f4-5b7b-431a-bcbb-075da9a23569,199935,MORE_INFORMATION
detection-d9519e6e-1c06-4478-b7d6-1a21ba1de372,199954,MORE_INFORMATION
detection-2eea9c17-5032-4faa-a61e-e9bde493d66c,199956,MORE_INFORMATION
detection-eaadb2e1-b4ea-43eb-b62b-6c6b9edf51de,199983,MORE_INFORMATION
detection-26e16b4e-d56a-4013-a07f-78f4b61dc7e6,199984,MORE_INFORMATION
detection-a9615bbf-7bba-48fa-995d-3eb67786c852,199987,MORE_INFORMATION
detection-c694ca73-1c4a-4ab6-be8a-4338cf14d970,199991,MORE_INFORMATION
detection-16d64acd-37a9-4075-aa6b-27eb1cc91cdd,199995,MORE_INFORMATION
detection-7d8e2ae5-14f3-43aa-9b2d-c86140426e47,199996,MORE_INFORMATION
detection-e70c1858-7b42-47da-9025-aebe8d7335a1,200016,MORE_INFORMATION
detection-41d19e41-940a-408c-a3a4-c81a98f9592f,200039,MORE_INFORMATION
detection-206de0e0-1103-4101-b74e-be0ec4bedc7a,200044,MORE_INFORMATION
detection-01ceb9e4-0b33-480c-9bd2-93ce0a50797e,200054,MORE_INFORMATION
detection-17098547-2aa9-405b-b839-46a39b387972,200071,MORE_INFORMATION
detection-4b52cba8-f229-490f-9cad-b8baf3ee8d1f,200076,MORE_INFORMATION
detection-39051a65-1dd9-4ace-ab0d-7dcdedd95165,200089,MORE_INFORMATION
detection-5665e3ea-fb67-4011-a3ea-1a559826e30c,200093,MORE_INFORMATION
detection-1db01a91-99e0-4b3e-9bd7-fe615211e01b,200100,MORE_INFORMATION
detection-58fafa3a-db04-4b26-b85b-d5a758d3ba7f,200119,MORE_INFORMATION
detection-3a28d5ae-b8ed-4bfd-aed3-f51975098df9,200121,MORE_INFORMATION
detection-8fe7c178-d3fc-48e0-97b8-72b3d6c0d5b1,200137,MORE_INFORMATION
detection-fc0cedd1-79bd-44db-8ebd-52da364e7fed,200146,MORE_INFORMATION
detection-cda706aa-d047-467a-a935-60cba3699b0e,200147,MORE_INFORMATION
detection-d8d62fb4-9ebb-4398-8526-e46b5dea1c87,200152,MORE_INFORMATION
detection-a2aebfbe-b43c-433b-84c5-d122b0496608,650035,MORE_INFORMATION
detection-5e77d1a7-0300-4a1c-b77c-374e12861423,38170,MORE_INFORMATION
detection-e520d5b2-2bbe-46e3-8c4e-29f9a7b203be,38173,MORE_INFORMATION
detection-47d25611-b48f-4ad2-a45f-bbdaf3d04ae8,38601,MORE_INFORMATION
detection-27e5b668-94d9-4506-82d4-097aee6df44a,38628,MORE_INFORMATION
detection-c7a82506-e4ea-4bd0-9760-a164970bce8b,38657,MORE_INFORMATION
detection-e70ff906-9626-441a-aeeb-c31b5a5b1743,38794,MORE_INFORMATION
detection-3b015108-2761-47ee-b207-cc5e99481d4d,38909,MORE_INFORMATION
detection-52883157-db0e-4fbb-9bbc-f5d076872335,38915,MORE_INFORMATION
detection-0e39d9e5-df21-4615-b4eb-f0fbdae7701d,38919,MORE_INFORMATION
detection-b2d98932-73cf-44c1-93e5-c0b30385f051,38170,MORE_INFORMATION
detection-bf0517af-56eb-41a7-94e6-40a8deb34e97,38173,MORE_INFORMATION
detection-3140f7f7-7037-4a90-85b2-56dd1b93838e,38601,MORE_INFORMATION
detection-c7e8eb5e-7e39-4d48-b191-3f13b29e13ed,38628,MORE_INFORMATION
detection-ae34b2e2-0149-4a8d-9746-ff1cd7c777a9,38657,MORE_INFORMATION
detection-4eddc31c-6173-4409-99c0-2c6b83249f9e,38794,MORE_INFORMATION
detection-119fb415-8247-4a3c-afc2-3d58e55a4816,45002,MORE_INFORMATION
detection-e1381426-4fcb-432e-b71a-9017a9129d39,90007,MORE_INFORMATION
detection-0d13272b-d7a8-48a2-bcee-f3856dacf03d,90043,MORE_INFORMATION
detection-8c85a216-76a5-4759-bbb5-19d2bc60c835,90044,MORE_INFORMATION
detection-cc2fd2ad-43b7-4b59-b566-0ae4d249f823,90081,MORE_INFORMATION
detection-cf0cc24c-4279-435b-80c0-20d5492c704e,91462,MORE_INFORMATION
detection-7f1c132e-efca-4757-80d6-d66ba6c2be3d,91537,MORE_INFORMATION
detection-044bf8c2-a759-4df0-8be8-243ccff5d013,105170,MORE_INFORMATION
detection-7c65b07d-6781-4942-b85a-1ff713a4e066,105171,MORE_INFORMATION
detection-546891e4-b492-4456-a4b1-0c5ef944ea42,105228,MORE_INFORMATION
detection-267adeac-7f98-4a29-b23a-3647837704bc,105236,MORE_INFORMATION
detection-395d2113-ed6b-44a6-b934-c5f666b07613,378985,MORE_INFORMATION