:START_ID(Detections-ID),:END_ID(Assets-ID),:TYPE
detection-481cd2f4-d5fc-41a6-95e3-41e8d407e94e,13585231,FOUND_ON
detection-78703466-b618-4613-8fd9-0b2d1d6b92f5,13585231,FOUND_ON
detection-b5133bc0-5786-4d49-8b67-7f11d2a6efe6,13585231,FOUND_ON
detection-caff84fd-a590-4c45-a6d3-9b7496977e4f,13585231,FOUND_ON
detection-801a0c04-df9b-4059-bb2d-cd5e1b16842b,13585231,FOUND_ON
detection-7f94362e-a5fa-493b-9f40-497dce7b14ce,13585231,FOUND_ON
detection-25d96501-a4e2-4130-8a7a-e0220bde3d02,13585231,FOUND_ON
detection-26d0c0e0-f492-4647-93e6-0508e69d1a92,13585231,FOUND_ON
detection-97960b4d-581f-4bd1-9500-d94275dd4317,13585231,FOUND_ON
detection-86df7ec4-96ca-491e-b21a-464936c468f2,13585231,FOUND_ON
detection-b1ceb275-40e8-4e59-8de8-077a95c8f598,13652723,FOUND_ON
detection-fd94f5fa-cbda-404f-82c1-a2ef0d9ca415,13652723,FOUND_ON
detection-c32446d5-a65c-465d-a203-5a8a8235415a,13652723,FOUND_ON
detection-1dd249a0-bbce-4307-ae08-2b370eb9b64f,13653267,FOUND_ON
detection-65b13512-192a-4547-ba3a-c0a37898bff9,13653267,FOUND_ON
detection-dd6ea2e6-31ef-44a0-a7a4-0797cbdfc93b,13653267,FOUND_ON
detection-4a5e8a5c-e6ef-4b3e-86d9-020f5b46f769,13653267,FOUND_ON
detection-d655d1fa-6f06-4979-b883-24b08cd516d8,13653267,FOUND_ON
detection-9801121b-647f-49d0-a144-5beae42e1980,13653267,FOUND_ON
detection-9e357817-7fdb-4c22-9624-26da668fa175,14057679,FOUND_ON
detection-683751a5-d9a7-4457-946f-f468d10c8426,14057679,FOUND_ON
detection-e9506081-80ac-4c80-9536-3f208c705e9c,14057679,FOUND_ON
detection-2826b308-8bdd-4fcf-aaf0-195f7250b33f,14057679,FOUND_ON
detection-99ee781e-952a-4ca7-b4bc-6f25ca31f993,14057679,FOUND_ON
detection-723ca6ee-13ed-42e7-afab-9c6e8e4c1572,14057679,FOUND_ON
detection-f2a2dd1d-89bd-458e-8f15-2d1e2d084a62,14057679,FOUND_ON
detection-24b24215-ddbb-40ef-9763-b0d437454c1d,14057679,FOUND_ON
detection-5ad32191-ce10-4607-86b2-7197d3a27a35,14057679,FOUND_ON
detection-1ff4dc8d-912e-4aed-ab44-e6a929d37ac4,14057679,FOUND_ON
detection-dd95180e-e31e-4946-82d4-937c75c0c6bc,14057679,FOUND_ON
detection-d5cd1fbd-e075-4c36-9084-286023421670,14057679,FOUND_ON
detection-0de631f3-2834-448d-b6f8-c41e67a8ea78,14057679,FOUND_ON
detection-e606e9f7-d153-41d8-9191-f36b7534cbae,14057679,FOUND_ON
detection-88890b1a-28c8-458f-a3b3-87906e744fbe,14057679,FOUND_ON
detection-6d391d04-44ad-4eee-af89-60989ce4cf77,14057679,FOUND_ON
detection-a30a5d97-865c-401c-8dce-49c4e4943591,14057679,FOUND_ON
detection-1fbcca32-1c27-4ccc-8dd0-e48ddb5be659,14057679,FOUND_ON
detection-b7751d0a-21c7-435e-9d5e-cb8873d9684d,14057679,FOUND_ON
detection-7da26424-01f0-47da-ae1e-3d0df3cb1752,14057679,FOUND_ON
detection-7a41e63d-e8d9-4d1e-920f-77a4e587af5b,14057679,FOUND_ON
detection-441a961d-770b-4685-bd5c-7316020a7bd8,14057679,FOUND_ON
detection-192f465a-0b80-4e10-a7bf-166f50f1a21b,14057679,FOUND_ON
detection-88814b32-b1bc-4a26-a7f8-6d60fe61fc95,14060258,FOUND_ON
detection-6c2b10c9-969d-47ad-ad33-99875404522a,14060258,FOUND_ON
detection-b41c0b45-d00b-4c4e-8aba-c2d4ea588d6c,14060258,FOUND_ON
detection-49320880-5f30-49a7-84e7-d83dd34f6e9f,14060258,FOUND_ON
detection-e5fe1991-30e1-4c5c-a9d5-f949695ce022,14060258,FOUND_ON
detection-d2202ad4-e791-4fad-ab9a-0357aecfc941,14060258,FOUND_ON
detection-04dee90b-9bd6-489b-bcaa-37c505668344,14060258,FOUND_ON
detection-de364e31-cb18-4437-8d25-0b498a342470,14060258,FOUND_ON
detection-43193b47-8f0c-4adf-b99f-c80a532b5dc5,14060258,FOUND_ON
detection-4fe19c50-6e3f-491a-adb2-a0016ad0e869,14060258,FOUND_ON
detection-cdaed763-6c49-4d0c-ae75-c2897f480b54,14060258,FOUND_ON
detection-c2cceac1-487c-48d3-804f-e0d8540c10af,14060258,FOUND_ON
detection-5da9d89d-49d9-4274-b32d-3c442932065a,14060258,FOUND_ON
detection-d83ae612-c874-4e9b-a6c9-682f3c803129,14060258,FOUND_ON
detection-e6113be9-3e78-4298-994d-e7a329aad85a,14060258,FOUND_ON
detection-6541c55a-4d95-416a-98d3-bb3633874868,14060258,FOUND_ON
detection-5210372b-a4ec-4428-80b9-9db05d717a39,14060258,FOUND_ON
detection-0d051fe3-f56c-4f58-b437-abac6cfac0e9,14060258,FOUND_ON
detection-43e80e5b-4110-4f42-a2fb-68509583d712,14060258,FOUND_ON
detection-01d71e2b-ab39-449f-962b-147aa60eca67,14060258,FOUND_ON
detection-e9381aa7-0179-4229-913b-36f6a1926c3b,14060258,FOUND_ON
detection-a77a3824-58fe-44da-b85e-341051cab88f,14060258,FOUND_ON
detection-e66d7d2a-713a-4cab-a49d-0332cd396c37,14060258,FOUND_ON
detection-8a6a777d-63e0-4e71-a1c6-9359ea3379fc,14060258,FOUND_ON
detection-f2f57031-ee19-45f2-afdf-61ce13a350e3,14060258,FOUND_ON
detection-10463601-678d-48ad-a3b2-fd7008e9289d,14060258,FOUND_ON
detection-494825bb-ed3a-49e4-b6ac-fa9910dbc8b6,14060258,FOUND_ON
detection-ada07f28-cf1b-42b0-991c-3ac074c33d88,14060258,FOUND_ON
detection-1d733d8c-1036-4bca-b482-d0e0952ef018,14060258,FOUND_ON
detection-4c2b2d7c-0096-4437-88ee-95fbc9deef03,14060258,FOUND_ON
detection-6c0d30eb-f8db-4f2d-b5a9-f8eaca1e6f33,14060258,FOUND_ON
detection-5b7b8843-c794-49fa-a7be-13dbc725ade9,14060258,FOUND_ON
detection-6dc3f38a-5331-40ac-a9b6-d15e7f6296ee,14060258,FOUND_ON
detection-f2343414-5e40-47aa-bb85-6c4dc38c81df,14060258,FOUND_ON
detection-6c09091b-0161-497b-9880-39c8729d0a9d,14060258,FOUND_ON
detection-abc5aa18-5bf2-4ad0-9657-e3bb388bf1be,14060258,FOUND_ON
detection-e7114379-f5fd-405b-b8f5-304bfd549359,14060258,FOUND_ON
detection-620ae2db-7169-4be8-9316-acc264d76bbd,14060258,FOUND_ON
detection-7afebb8d-8451-4f5d-a7be-d6915f98b5b5,14060258,FOUND_ON
detection-5ff6052c-aef9-4344-8cf8-8a68cbbdc357,14060258,FOUND_ON
detection-9bb7ed1c-0a02-4f7a-8f5e-b5586fb88811,14060258,FOUND_ON
detection-2d7f4e6c-fdb4-40ed-8a5a-5c7efe6e8470,14060258,FOUND_ON
detection-48db44a5-6632-49e5-bf75-07a12db8d07a,14060258,FOUND_ON
detection-05aa455d-0384-4492-9557-3d77f68a4096,14060258,FOUND_ON
detection-dc1a53a8-14ea-42b2-aac3-9b8bc754b7c3,14060258,FOUND_ON
detection-7aa9525f-c973-4793-ad6b-dbd4e055517f,14060258,FOUND_ON
detection-17d5cf28-7bea-4264-9ce6-987a8c846889,14060258,FOUND_ON
detection-8f791126-5990-402b-b96a-9280d93c7554,14060258,FOUND_ON
detection-f7d40327-49e2-4573-a420-c20d65bf24c1,14060258,FOUND_ON
detection-7fd159f8-b84a-4f1b-b1a3-c716ca8d53af,14060258,FOUND_ON
detection-6e37bdee-00bc-4aaa-b8ed-a9fcc2956a0e,14060258,FOUND_ON
detection-268b3c69-ceeb-4c53-8da7-74e8f56819cc,14060258,FOUND_ON
detection-546a9cf3-40c2-4f11-9c54-e8f9d7e08d94,14060258,FOUND_ON
detection-e7dee0d3-dd20-4dfe-84a9-0fc1551cb37f,14060258,FOUND_ON
detection-914ce515-7288-442e-b58c-934666288fa2,14060258,FOUND_ON
detection-310c2734-126b-4da6-aaf7-154376818f71,14060258,FOUND_ON
detection-451ade02-6671-44a5-80d0-88ff90ca4241,14060258,FOUND_ON
detection-48fb006b-b3ed-4ad7-a94a-a146b7b3bd41,14060258,FOUND_ON
detection-c064fafd-5c50-4c3f-a93c-4267f851916c,14060258,FOUND_ON
detection-6a3d6ac6-99c5-485b-a48b-9bbf208eebf1,14060258,FOUND_ON
detection-6d1f0e74-505b-431c-8451-d8e2d42a1d95,14060258,FOUND_ON
detection-2cda95f4-5b7b-431a-bcbb-075da9a23569,14060258,FOUND_ON
detection-d9519e6e-1c06-4478-b7d6-1a21ba1de372,14060258,FOUND_ON
detection-2eea9c17-5032-4faa-a61e-e9bde493d66c,14060258,FOUND_ON
detection-eaadb2e1-b4ea-43eb-b62b-6c6b9edf51de,14060258,FOUND_ON
detection-26e16b4e-d56a-4013-a07f-78f4b61dc7e6,14060258,FOUND_ON
detection-a9615bbf-7bba-48fa-995d-3eb67786c852,14060258,FOUND_ON
detection-c694ca73-1c4a-4ab6-be8a-4338cf14d970,14060258,FOUND_ON
detection-16d64acd-37a9-4075-aa6b-27eb1cc91cdd,14060258,FOUND_ON
detection-7d8e2ae5-14f3-43aa-9b2d-c86140426e47,14060258,FOUND_ON
detection-e70c1858-7b42-47da-9025-aebe8d7335a1,14060258,FOUND_ON
detection-41d19e41-940a-408c-a3a4-c81a98f9592f,14060258,FOUND_ON
detection-206de0e0-1103-4101-b74e-be0ec4bedc7a,14060258,FOUND_ON
detection-01ceb9e4-0b33-480c-9bd2-93ce0a50797e,14060258,FOUND_ON
detection-17098547-2aa9-405b-b839-46a39b387972,14060258,FOUND_ON
detection-4b52cba8-f229-490f-9cad-b8baf3ee8d1f,14060258,FOUND_ON
detection-39051a65-1dd9-4ace-ab0d-7dcdedd95165,14060258,FOUND_ON
detection-5665e3ea-fb67-4011-a3ea-1a559826e30c,14060258,FOUND_ON
detection-1db01a91-99e0-4b3e-9bd7-fe615211e01b,14060258,FOUND_ON
detection-58fafa3a-db04-4b26-b85b-d5a758d3ba7f,14060258,FOUND_ON
detection-3a28d5ae-b8ed-4bfd-aed3-f51975098df9,14060258,FOUND_ON
detection-8fe7c178-d3fc-48e0-97b8-72b3d6c0d5b1,14060258,FOUND_ON
detection-fc0cedd1-79bd-44db-8ebd-52da364e7fed,14060258,FOUND_ON
detection-cda706aa-d047-467a-a935-60cba3699b0e,14060258,FOUND_ON
detection-d8d62fb4-9ebb-4398-8526-e46b5dea1c87,14060258,FOUND_ON
detection-9be7bcbe-94e5-43b6-a938-3698eb00a07b,14060258,FOUND_ON
detection-f937bf2b-9bcd-46dc-b2f1-4886afc4e643,14060258,FOUND_ON
detection-a2aebfbe-b43c-433b-84c5-d122b0496608,14060258,FOUND_ON
detection-5e77d1a7-0300-4a1c-b77c-374e12861423,14064984,FOUND_ON
detection-e520d5b2-2bbe-46e3-8c4e-29f9a7b203be,14064984,FOUND_ON
detection-47d25611-b48f-4ad2-a45f-bbdaf3d04ae8,14064984,FOUND_ON
detection-27e5b668-94d9-4506-82d4-097aee6df44a,14064984,FOUND_ON
detection-c7a82506-e4ea-4bd0-9760-a164970bce8b,14064984,FOUND_ON
detection-e70ff906-9626-441a-aeeb-c31b5a5b1743,14064984,FOUND_ON
detection-03c0ba4c-d704-4910-a455-93138c9a974a,14064984,FOUND_ON
detection-3b015108-2761-47ee-b207-cc5e99481d4d,14067171,FOUND_ON
detection-52883157-db0e-4fbb-9bbc-f5d076872335,14067171,FOUND_ON
detection-0e39d9e5-df21-4615-b4eb-f0fbdae7701d,14067171,FOUND_ON
detection-b2d98932-73cf-44c1-93e5-c0b30385f051,14068525,FOUND_ON
detection-bf0517af-56eb-41a7-94e6-40a8deb34e97,14068525,FOUND_ON
detection-3140f7f7-7037-4a90-85b2-56dd1b93838e,14068525,FOUND_ON
detection-c7e8eb5e-7e39-4d48-b191-3f13b29e13ed,14068525,FOUND_ON
detection-ae34b2e2-0149-4a8d-9746-ff1cd7c777a9,14068525,FOUND_ON
detection-4eddc31c-6173-4409-99c0-2c6b83249f9e,14068525,FOUND_ON
detection-119fb415-8247-4a3c-afc2-3d58e55a4816,14068525,FOUND_ON
detection-e1381426-4fcb-432e-b71a-9017a9129d39,14068525,FOUND_ON
detection-0d13272b-d7a8-48a2-bcee-f3856dacf03d,14068525,FOUND_ON
detection-8c85a216-76a5-4759-bbb5-19d2bc60c835,14068525,FOUND_ON
detection-cc2fd2ad-43b7-4b59-b566-0ae4d249f823,14068525,FOUND_ON
detection-cf0cc24c-4279-435b-80c0-20d5492c704e,14068525,FOUND_ON
detection-7f1c132e-efca-4757-80d6-d66ba6c2be3d,14068525,FOUND_ON
detection-5b0da450-7338-4f3e-8314-3f85dc3f5e27,14068525,FOUND_ON
detection-044bf8c2-a759-4df0-8be8-243ccff5d013,14068525,FOUND_ON
detection-7c65b07d-6781-4942-b85a-1ff713a4e066,14068525,FOUND_ON
detection-546891e4-b492-4456-a4b1-0c5ef944ea42,14068525,FOUND_ON
detection-267adeac-7f98-4a29-b23a-3647837704bc,14068525,FOUND_ON
detection-395d2113-ed6b-44a6-b934-c5f666b07613,14068525,FOUND_ON
detection-12b40eee-256b-40b9-915a-dc39e5aeddd8,14068525,FOUND_ON