:START_ID(Detections-ID),:END_ID(Qualys-ID),:TYPE
detection-76df9166-8a10-43fa-be2b-2c1e7415aed3,379000,MORE_INFORMATION
detection-b8666aa4-b338-4742-a987-b36535a67ca4,379001,MORE_INFORMATION
detection-1274cec6-1432-4210-9e2c-17739f66a7b2,379078,MORE_INFORMATION
detection-4c0c1b8b-9cd3-4835-811a-7e0f62eb84c7,379080,MORE_INFORMATION
detection-fead4b06-87a1-4e5a-915a-836822a0111e,379116,MORE_INFORMATION
detection-99de7f90-e6ec-4358-abd5-414c77700738,379299,MORE_INFORMATION
detection-a393b6a6-173c-4a86-96a2-f846af5e0ee8,379337,MORE_INFORMATION
detection-e4d06e3c-0d55-4f67-b71f-cdc7753dc7f5,379367,MORE_INFORMATION
detection-95176b77-d847-4644-b5e3-1836c6dc35f5,38896,MORE_INFORMATION
detection-2288baa9-1b85-475f-8c2e-9e1eae955ff4,38909,MORE_INFORMATION
detection-2b004f38-b7c1-4b1d-8fbd-c926c15d2ef8,38919,MORE_INFORMATION
detection-72574b8b-3268-411a-9d9d-49092e303720,38900,MORE_INFORMATION
detection-2fd3c052-73af-4a7a-9a24-b14af84b225e,38903,MORE_INFORMATION
detection-f9723384-04e7-4da9-bc8d-a70d4318300f,38904,MORE_INFORMATION
detection-52bad079-41cc-4675-9f29-de98a68e3029,38909,MORE_INFORMATION
detection-d3d18ed3-ee0e-43cd-aba7-7fc423898c3f,38915,MORE_INFORMATION
detection-575ab35b-66bd-40fe-ada5-2e8784a5ace9,38919,MORE_INFORMATION
detection-dafc7d3a-7343-4aa1-9beb-208764a1e8cb,38867,MORE_INFORMATION
detection-8fbf4599-259e-4da9-8c54-f30445cd9c87,38909,MORE_INFORMATION
detection-2ebe030a-66db-4847-8e43-3fb60a8a4e95,38915,MORE_INFORMATION
detection-7b3c0e71-b0ab-4675-b656-8ae4143113a1,38919,MORE_INFORMATION
detection-ab25f026-e713-4b0e-afc2-c4054f2c5d1d,755670,MORE_INFORMATION
detection-2136bf50-2d6f-4b3a-b1f1-3e67dbc1ec33,755685,MORE_INFORMATION
detection-d9d889db-3d1a-40be-ad7b-a9487ce21516,755692,MORE_INFORMATION
detection-674d29b7-b1f3-4511-b4e3-3e5821c5196c,755738,MORE_INFORMATION
detection-9b8654bc-47ee-49eb-9b3f-a85e605208c6,755746,MORE_INFORMATION
detection-39413fd8-7400-478a-b51c-fcbb2518f8eb,755754,MORE_INFORMATION
detection-2f0553f9-f76f-43ba-9a69-7d2c96baaf9e,755795,MORE_INFORMATION
detection-fce541a5-996f-4dba-936f-2440eab41caf,755801,MORE_INFORMATION
detection-02bf3294-5d1a-4e11-9437-89fcb9aba756,755814,MORE_INFORMATION
detection-0767e3b6-0100-40a7-9cf9-e864b2f50791,755816,MORE_INFORMATION
detection-6fd25e20-966a-42a6-86fa-789495702ba2,755818,MORE_INFORMATION
detection-541f440f-1846-4931-8c81-af79c527acc5,755825,MORE_INFORMATION
detection-a6cfc336-26bd-4586-88f0-50ad1bfd3bf3,755826,MORE_INFORMATION
detection-7cc3b23e-df23-48f8-b7f2-6f7dc098d483,755847,MORE_INFORMATION
detection-9fd26912-bcde-490b-b1f5-192ca0f40b89,38909,MORE_INFORMATION
detection-cd36c5af-bb73-4e7e-8992-a910a6bf0606,38913,MORE_INFORMATION
detection-4eabb8ef-8028-4cdc-910d-d6851d01132b,38919,MORE_INFORMATION
detection-4c112072-e310-4170-ad30-ff43d29c3c64,105936,MORE_INFORMATION
detection-4785c53e-1013-44fe-8a3f-fe75e42f9843,115284,MORE_INFORMATION
detection-92c110e7-3c01-4cd8-911d-58ff6ec83061,199177,MORE_INFORMATION
detection-0f31f49e-5042-4d0e-b4ba-f52531a545a4,199199,MORE_INFORMATION
detection-558dd467-070d-4df2-b6f3-74f1e4d1966c,199209,MORE_INFORMATION
detection-b8e3b849-0b1b-4cba-bb04-a38eb225361d,199215,MORE_INFORMATION
detection-85fafb76-1f1c-4c2a-b304-98fe6759e28f,199221,MORE_INFORMATION
detection-2f76175d-3734-41b6-86d9-bcf3d88a2778,199244,MORE_INFORMATION
detection-8db8af0f-d127-45fe-abdb-42d2ea6cec42,199247,MORE_INFORMATION
detection-7abd331a-9901-42d2-97cf-db2eb4bf0ec1,199260,MORE_INFORMATION
detection-92a4cb31-dab9-4a17-8e2c-5d49726b19c0,199271,MORE_INFORMATION
detection-6082477b-3092-483f-b93d-fff7038d2397,199279,MORE_INFORMATION
detection-d42b2b45-73b1-4fa6-8f11-192af5c3675b,199287,MORE_INFORMATION
detection-dfa39705-76b5-412b-bf35-b20dc13542b3,199292,MORE_INFORMATION
detection-08fdcfaf-a2cf-4e33-a135-299758511e78,199293,MORE_INFORMATION
detection-7fa97e5b-ce7e-4ba4-9eaf-296ace64620b,199307,MORE_INFORMATION
detection-4c109985-eac6-4668-a62a-602a57028da1,199308,MORE_INFORMATION
detection-2c4a736e-3245-443b-a273-a60864fdb018,199342,MORE_INFORMATION
detection-1d6b41e6-daec-4f8b-9b63-43f92c163e7f,199358,MORE_INFORMATION
detection-f6abf3cd-7157-4480-bb26-6318df9986b0,199381,MORE_INFORMATION
detection-5604e129-126a-40f0-9c1b-1e3e04a29511,199382,MORE_INFORMATION
detection-2df9bf7c-821f-4d29-a8a0-2573ae83b9c9,199391,MORE_INFORMATION
detection-eb431cee-164a-47aa-ae02-a3bce91332dd,199407,MORE_INFORMATION
detection-7270dbf0-a075-4485-865f-650da3438a24,199408,MORE_INFORMATION
detection-4e03980c-3d84-41c9-9f86-40dda2780bb7,199417,MORE_INFORMATION
detection-874748de-c280-41e2-9c48-71d189905952,199419,MORE_INFORMATION
detection-7560aafb-4134-4ad8-9287-47a5c7f2c37b,199420,MORE_INFORMATION
detection-d7497d53-bb93-42dc-986a-49b9b375beef,199424,MORE_INFORMATION
detection-0ee09c85-3c48-4839-b7fb-8e86d71b1f7e,199435,MORE_INFORMATION
detection-2eeb5994-b703-40b6-a963-b9cf3d2adca8,199440,MORE_INFORMATION
detection-f464b8b2-6808-4b39-8828-1faea04090be,199442,MORE_INFORMATION
detection-7a0184e2-34b2-42bc-8d67-fd8cef404ce7,199604,MORE_INFORMATION
detection-84cfd2a1-1887-42cf-b959-f54616f9953b,199622,MORE_INFORMATION
detection-d0e7a507-b9a3-4587-8b3a-4a9657baa156,199634,MORE_INFORMATION
detection-eeab5477-c17a-41be-887a-57153c48a616,199668,MORE_INFORMATION
detection-f8764345-d15e-485d-b374-193d5234e9df,199670,MORE_INFORMATION
detection-f7c69f3f-d2dd-4e43-a1f2-733097e58d2a,199672,MORE_INFORMATION
detection-1755621a-b470-4890-ae68-3aa6c9102649,199691,MORE_INFORMATION
detection-2a40fdaa-76cc-4236-b283-6815e5f55c78,199725,MORE_INFORMATION
detection-2a66f6d9-2c71-4896-92f8-8e38833ff9e1,199729,MORE_INFORMATION
detection-6e1aefca-495c-4303-bcc1-192a99a4206f,199746,MORE_INFORMATION
detection-a47d7358-a743-434e-8501-6cd5f23c2664,199755,MORE_INFORMATION
detection-6f06332b-0038-48e7-83a8-6f905f4ecfe3,199766,MORE_INFORMATION
detection-e8fe5c72-8bd7-4077-a27c-34d0cb1fafc5,199772,MORE_INFORMATION
detection-7ec2e335-7121-4ace-a813-0e114e45656f,199778,MORE_INFORMATION
detection-e7a9c9c2-b21b-40d2-b436-936ea26b0a92,199800,MORE_INFORMATION
detection-d626f141-9cd3-4f9d-8e46-60fff0b0c830,199802,MORE_INFORMATION
detection-47eb6863-8d33-4010-9974-f48a9cbaaf05,199809,MORE_INFORMATION
detection-095c1775-9081-4d5f-9ed3-4a6da43675df,199815,MORE_INFORMATION
detection-07e94f24-cc8e-40cb-81af-a07e80985da1,199825,MORE_INFORMATION
detection-1369d25a-caa5-4952-9ccb-e51ed05638b5,199833,MORE_INFORMATION
detection-61ea7ab6-2cf2-486e-88a9-6c364b2a58a3,199848,MORE_INFORMATION
detection-30a81859-5939-4cdf-b1b5-b94bb4859b2d,199867,MORE_INFORMATION
detection-dead724b-aafc-4de2-87fd-db9315a2fb63,199878,MORE_INFORMATION
detection-9f6cc421-ef7c-4ec1-b5c7-866fc8cad03a,199891,MORE_INFORMATION
detection-e9dc4306-3797-48d0-9d43-819434620187,199896,MORE_INFORMATION
detection-5ca13ea8-6d5d-474d-ac78-34fb194dd22f,199898,MORE_INFORMATION
detection-d23b7bd8-87e7-4a44-95b8-f3602c3d8193,199914,MORE_INFORMATION
detection-f71b9235-ec71-4f75-b7e5-df61ef2a2ae8,199935,MORE_INFORMATION
detection-0b5b0198-58d9-4740-9474-926f7a1312a7,199954,MORE_INFORMATION
detection-2590995b-9f90-4413-b79d-edd67033fc17,199956,MORE_INFORMATION
detection-32f312e0-b386-4aa7-b8cc-8c1209395977,199983,MORE_INFORMATION
detection-d615f62d-c745-44dc-bbba-806cc692f5b5,199984,MORE_INFORMATION
detection-cfbf82b3-2211-4c3d-a572-edf3eb73df44,199987,MORE_INFORMATION
detection-b165f0c3-2fbd-4101-95b5-9efefdfe6e68,199991,MORE_INFORMATION
detection-e998c484-7768-47ff-a04f-4e6c2c282bfe,199995,MORE_INFORMATION
detection-84a08b65-b61f-4973-af98-e0ee0c4dc996,199996,MORE_INFORMATION
detection-5f66d68d-b98b-4708-b651-674887878b6e,200016,MORE_INFORMATION
detection-3583c855-dc18-41e6-9756-5b0fbd4ec8b4,200039,MORE_INFORMATION
detection-f11d2033-a05b-4be1-a481-038850668c0e,200044,MORE_INFORMATION
detection-646be79b-f206-40ab-9b06-8337020852a8,200054,MORE_INFORMATION
detection-f77aff0a-d31b-4039-9f5a-04af5b49bde1,200071,MORE_INFORMATION
detection-b3ca87ee-a906-4fd0-b208-fd60b40575a5,200076,MORE_INFORMATION
detection-46fdf9e1-03ef-4a57-ba25-90a13979ab1a,200089,MORE_INFORMATION
detection-84c69644-399e-486e-89bd-961d4ff13c59,200093,MORE_INFORMATION
detection-5a5525ef-01f7-43ef-9c95-920fb28f1233,200100,MORE_INFORMATION
detection-81197193-2daf-4fb7-89b4-86757e3f8936,200119,MORE_INFORMATION
detection-11ddc5d7-52fe-4e1d-9269-02b5996c5f5a,200121,MORE_INFORMATION
detection-25e2a715-01b8-419a-847a-5882e27fd621,200137,MORE_INFORMATION
detection-86e02d3e-1f7f-4d2a-a388-37eb5fa636f6,200146,MORE_INFORMATION
detection-b65a4810-ce54-415c-b40c-8f31f4db0e65,200147,MORE_INFORMATION
detection-773dd5ce-8ff5-42e7-9e73-dd7e43f0d44d,200152,MORE_INFORMATION
detection-deaa01cc-d755-4e76-9cad-6b20cbdb4657,650035,MORE_INFORMATION
detection-a7eec466-2f87-4fc6-a0ab-94065c38c64e,38170,MORE_INFORMATION
detection-5023accc-2e87-43d9-b1da-3a0994b6b483,38173,MORE_INFORMATION
detection-a995531e-2f46-4edb-aa30-5d42a1936123,38601,MORE_INFORMATION
detection-69a5f5c8-bbd3-41de-b08f-94b1ec1c129a,38628,MORE_INFORMATION
detection-331c2f7c-cfc6-4128-a3de-5810dba274d0,38657,MORE_INFORMATION
detection-0bfbc0ce-f261-4f0e-bb51-3912599fa7f7,38794,MORE_INFORMATION
detection-74cf77ac-d5f5-4b0b-a420-c5c2f800b41c,38909,MORE_INFORMATION
detection-f2b32f63-2711-4710-9b92-62ad3ef874c4,38915,MORE_INFORMATION
detection-b1cb22b8-5116-40e7-b91f-68256ebd3035,38919,MORE_INFORMATION
detection-f41a4d53-4a31-4ef0-bf4b-e37f69a57f43,38170,MORE_INFORMATION
detection-983529d3-fd4a-4195-bd57-8a86631a5c03,38173,MORE_INFORMATION
detection-8f027490-b770-428b-ad20-ddfe9eb7bad9,38601,MORE_INFORMATION
detection-9d48c5d5-3f22-488c-b8ee-f1fcb9e6277d,38628,MORE_INFORMATION
detection-e6a86cb2-69f3-4dff-b1dc-56470e8d8843,38657,MORE_INFORMATION
detection-8a381c2d-8904-4678-b70a-7c313e7aaa1d,38794,MORE_INFORMATION
detection-f5b50bb7-85e5-4c53-8816-a7f292e980a6,45002,MORE_INFORMATION
detection-70ed3621-6c67-48fd-8d5e-4dc3d17614d0,90007,MORE_INFORMATION
detection-748a591c-f6f4-4969-bee0-705d6b512b68,90043,MORE_INFORMATION
detection-69df391b-7ef8-42e3-823e-ce6c3691ecab,90044,MORE_INFORMATION
detection-45ef0948-cb3d-45f3-a2a1-02a394aa1952,90081,MORE_INFORMATION
detection-e3581095-d7e3-4815-8ba5-2f30ab93488b,91462,MORE_INFORMATION
detection-ecf70d6f-fb04-4369-afe2-de6dcdc3a0ab,91537,MORE_INFORMATION
detection-62665f47-1d27-4199-bada-626717942328,105170,MORE_INFORMATION
detection-764788c0-7320-4893-8e4b-06cbfbc1807f,105171,MORE_INFORMATION
detection-b7c8836a-0cbb-4de4-8b18-88c9a156f45f,105228,MORE_INFORMATION
detection-d3758167-e5a6-4821-a498-2684a4915d02,105236,MORE_INFORMATION
detection-d8832404-bd1d-4656-bd64-56525747b218,378985,MORE_INFORMATION