Ransomware-0,muhstik,Ransomeware
Ransomware-1,qnapcrypt,Ransomeware
Ransomware-2,samsam,Ransomeware
Ransomware-3,robinhood,Ransomeware
Ransomware-4,cring,Ransomeware
Ransomware-5,cerber,Ransomeware
Ransomware-6,crypfort,Ransomeware
Ransomware-7,crypshed,Ransomeware
Ransomware-8,cryptesla,Ransomeware
Ransomware-9,cryptohasyou,Ransomeware
Ransomware-10,cryptomix,Ransomeware
Ransomware-11,crypwall,Ransomeware
Ransomware-12,ctb-locker,Ransomeware
Ransomware-13,locky,Ransomeware
Ransomware-14,nanolocker,Ransomeware
Ransomware-15,urausy,Ransomeware
Ransomware-16,lucky,Ransomeware
Ransomware-17,samsa,Ransomeware
Ransomware-18,satan,Ransomeware
Ransomware-19,reveton,Ransomeware
Ransomware-20,gimemo,Ransomeware
Ransomware-21,alma,Ransomeware
Ransomware-22,antefrigus,Ransomeware
Ransomware-23,asn1,Ransomeware
Ransomware-24,bandarchor,Ransomeware
Ransomware-25,bartcrypt,Ransomeware
Ransomware-26,buran,Ransomeware
Ransomware-27,crowti,Ransomeware
Ransomware-28,cry,Ransomeware
Ransomware-29,crypmic,Ransomeware
Ransomware-30,crypradam,Ransomeware
Ransomware-31,cryptoluck,Ransomeware
Ransomware-32,cryptoshield,Ransomeware
Ransomware-33,cryptowall,Ransomeware
Ransomware-34,dxh26wam,Ransomeware
Ransomware-35,erebus,Ransomeware
Ransomware-36,eris,Ransomeware
Ransomware-37,fessleak,Ransomeware
Ransomware-38,gandcrab,Ransomeware
Ransomware-39,getcrypt,Ransomeware
Ransomware-40,globe,Ransomeware
Ransomware-41,goopic,Ransomeware
Ransomware-42,kovter,Ransomeware
Ransomware-43,matrix,Ransomeware
Ransomware-44,mobef,Ransomeware
Ransomware-45,nemty,Ransomeware
Ransomware-46,paradise,Ransomeware
Ransomware-47,philadelphia,Ransomeware
Ransomware-48,princess locker,Ransomeware
Ransomware-49,sage,Ransomeware
Ransomware-50,sodinokibi,Ransomeware
Ransomware-51,spora,Ransomeware
Ransomware-52,petya,Ransomeware
Ransomware-53,alma locker,Ransomeware
Ransomware-54,flimrans,Ransomeware
Ransomware-55,lyposit,Ransomeware
Ransomware-56,better_call_saul,Ransomeware
Ransomware-57,crypboss,Ransomeware
Ransomware-58,cryphydra,Ransomeware
Ransomware-59,juicylemon,Ransomeware
Ransomware-60,pizzacrypts,Ransomeware
Ransomware-61,torrentlocker,Ransomeware
Ransomware-62,umbrecrypt,Ransomeware
Ransomware-63,waltrix,Ransomeware
Ransomware-64,zepto,Ransomeware
Ransomware-65,exxroute,Ransomeware
Ransomware-66,teslacrypt,Ransomeware
Ransomware-67,ryuk,Ransomeware
Ransomware-68,conti,Ransomeware
Ransomware-69,lucifer,Ransomeware
Ransomware-70,troldesh,Ransomeware
Ransomware-71,netwalker,Ransomeware
Ransomware-72,better-call-saul,Ransomeware
Ransomware-73,crypto defense,Ransomeware
Ransomware-74,badlock,Ransomeware
Ransomware-75,stop,Ransomeware
Ransomware-76,xbash,Ransomeware
Ransomware-77,cryptxxx,Ransomeware
Ransomware-78,dma locker,Ransomeware
Ransomware-79,crylocker,Ransomeware
Ransomware-80,maze,Ransomeware
Ransomware-81,badrabbit,Ransomeware
Ransomware-82,katyusha,Ransomeware
Ransomware-83,wannacry,Ransomeware
Ransomware-84,notpetya,Ransomeware
Ransomware-85,uiwix,Ransomeware
Ransomware-86,wannacrypt,Ransomeware
Ransomware-87,darkradiation,Ransomeware
Ransomware-88,uefi,Ransomeware
Ransomware-89,storagecrypt,Ransomeware
Ransomware-90,bitlocker,Ransomeware
Ransomware-91,lockbit,Ransomeware
Ransomware-92,pay2key,Ransomeware
Ransomware-93,play,Ransomeware
Ransomware-94,revil,Ransomeware
Ransomware-95,egregor,Ransomeware
Ransomware-96,qakbot,Ransomeware
Ransomware-97,sekhmet,Ransomeware
Ransomware-98,tinycrypt,Ransomeware
Ransomware-99,ech0raix,Ransomeware
Ransomware-100,magniber,Ransomeware
Ransomware-101,sodin,Ransomeware
Ransomware-102,hello,Ransomeware
Ransomware-103,doppelpaymer,Ransomeware
Ransomware-104,redkeeper,Ransomeware
Ransomware-105,prolock,Ransomeware
Ransomware-106,targetcompany,Ransomeware
Ransomware-107,black kingdom,Ransomeware
Ransomware-108,mailto,Ransomeware
Ransomware-109,nefilim,Ransomeware
Ransomware-110,cr1ptt0r,Ransomeware
Ransomware-111,blackbyte,Ransomeware
Ransomware-112,bitpaymer,Ransomeware
Ransomware-113,cyborg,Ransomeware
Ransomware-114,xmrig,Ransomeware
Ransomware-115,lockergoga,Ransomeware
Ransomware-116,megacortex,Ransomeware
Ransomware-117,babuk,Ransomeware
Ransomware-118,darkside,Ransomeware
Ransomware-119,ransomexx,Ransomeware
Ransomware-120,hellokitty,Ransomeware
Ransomware-121,bigbosshorse,Ransomeware
Ransomware-122,garrantydecrypt,Ransomeware
Ransomware-123,thanos,Ransomeware
Ransomware-124,ragnarok,Ransomeware
Ransomware-125,hive,Ransomeware
Ransomware-126,bianlian,Ransomeware
Ransomware-127,black basta,Ransomeware
Ransomware-128,cuba,Ransomeware
Ransomware-129,epsilon red,Ransomeware
Ransomware-130,unityminer,Ransomeware
Ransomware-131,qlocker,Ransomeware
Ransomware-132,esxiargs,Ransomeware
Ransomware-133,vice society,Ransomeware
Ransomware-134,fivehands,Ransomeware
Ransomware-135,h0lygh0st,Ransomeware
Ransomware-136,maui,Ransomeware
Ransomware-137,memento,Ransomeware
Ransomware-138,royal,Ransomeware
Ransomware-139,atom silo,Ransomeware
Ransomware-140,avos,Ransomeware
Ransomware-141,lockfile,Ransomeware
Ransomware-142,rook,Ransomeware
Ransomware-143,blackcat,Ransomeware
Ransomware-144,dearcry,Ransomeware
Ransomware-145,lv,Ransomeware
Ransomware-146,black cat,Ransomeware
Ransomware-147,clop,Ransomeware
Ransomware-148,avoslocker,Ransomeware
Ransomware-149,agelocker,Ransomeware
Ransomware-150,entropy,Ransomeware
Ransomware-151,atomsilo,Ransomeware
Ransomware-152,backcat,Ransomeware
Ransomware-153,d,Ransomeware
Ransomware-154,e,Ransomeware
Ransomware-155,s,Ransomeware
Ransomware-156,i,Ransomeware
Ransomware-157,g,Ransomeware
Ransomware-158,n,Ransomeware
Ransomware-159,j,Ransomeware
Ransomware-160,t,Ransomeware
Ransomware-161,_,Ransomeware
Ransomware-162,1,Ransomeware
Ransomware-163,7,Ransomeware
Ransomware-164,0,Ransomeware
Ransomware-165,w,Ransomeware
Ransomware-166,6,Ransomeware
Ransomware-167,b,Ransomeware
Ransomware-168,5,Ransomeware
Ransomware-169,f,Ransomeware
Ransomware-170,r,Ransomeware
Ransomware-171,m,Ransomeware
Ransomware-172,a,Ransomeware
Ransomware-173,diavol,Ransomeware
Ransomware-174,trigona,Ransomeware
Ransomware-175,khonsari,Ransomeware
Ransomware-176,nightsky,Ransomeware
Ransomware-177,tellyouthepass,Ransomeware
Ransomware-178,deadbolt,Ransomeware
Ransomware-179,rar1ransom,Ransomeware
Ransomware-180,n13v,Ransomeware
Ransomware-181,redalert,Ransomeware
Ransomware-182,yanluowang,Ransomeware
Ransomware-183,monti,Ransomeware
Ransomware-184,lorenz,Ransomeware
Ransomware-185,bablock,Ransomeware
Ransomware-186,buhti,Ransomeware
Ransomware-187,icefire,Ransomeware
Ransomware-188,l,Ransomeware
Ransomware-189,p,Ransomeware
Ransomware-190,2,Ransomeware
Ransomware-191,4,Ransomeware
Ransomware-192,bl00dy ransomware gang,Ransomeware
Ransomware-193,nokoyawa,Ransomeware
Ransomware-194,underground,Ransomeware
