:START_ID(Ransomware-ID),:END_ID(Cve-ID),:TYPE
Ransomware-0,CVE-2007-1036,EXPLOITS
Ransomware-0,CVE-2017-10271,EXPLOITS
Ransomware-0,CVE-2018-10561,EXPLOITS
Ransomware-0,CVE-2018-10562,EXPLOITS
Ransomware-0,CVE-2018-7600,EXPLOITS
Ransomware-0,CVE-2019-2725,EXPLOITS
Ransomware-1,CVE-2007-1036,EXPLOITS
Ransomware-1,CVE-2017-10271,EXPLOITS
Ransomware-1,CVE-2018-10561,EXPLOITS
Ransomware-1,CVE-2018-10562,EXPLOITS
Ransomware-1,CVE-2018-7600,EXPLOITS
Ransomware-1,CVE-2019-2725,EXPLOITS
Ransomware-1,CVE-2020-2509,EXPLOITS
Ransomware-1,CVE-2020-36195,EXPLOITS
Ransomware-2,CVE-2007-1036,EXPLOITS
Ransomware-2,CVE-2010-0738,EXPLOITS
Ransomware-2,CVE-2010-1428,EXPLOITS
Ransomware-2,CVE-2012-0874,EXPLOITS
Ransomware-2,CVE-2012-3347,EXPLOITS
Ransomware-3,CVE-2008-3431,EXPLOITS
Ransomware-3,CVE-2009-0824,EXPLOITS
Ransomware-3,CVE-2010-1592,EXPLOITS
Ransomware-3,CVE-2013-0322,EXPLOITS
Ransomware-3,CVE-2017-15302,EXPLOITS
Ransomware-3,CVE-2018-19320,EXPLOITS
Ransomware-4,CVE-2009-3960,EXPLOITS
Ransomware-4,CVE-2010-2861,EXPLOITS
Ransomware-4,CVE-2018-13379,EXPLOITS
Ransomware-5,CVE-2010-0188,EXPLOITS
Ransomware-5,CVE-2012-0507,EXPLOITS
Ransomware-5,CVE-2012-1723,EXPLOITS
Ransomware-5,CVE-2013-0074,EXPLOITS
Ransomware-5,CVE-2015-2551,EXPLOITS
Ransomware-5,CVE-2015-7465,EXPLOITS
Ransomware-5,CVE-2015-8651,EXPLOITS
Ransomware-5,CVE-2016-0189,EXPLOITS
Ransomware-5,CVE-2016-1019,EXPLOITS
Ransomware-5,CVE-2016-4117,EXPLOITS
Ransomware-5,CVE-2017-0199,EXPLOITS
Ransomware-5,CVE-2017-5638,EXPLOITS
Ransomware-5,CVE-2019-2725,EXPLOITS
Ransomware-5,CVE-2020-0986,EXPLOITS
Ransomware-5,CVE-2021-1675,EXPLOITS
Ransomware-5,CVE-2021-22205,EXPLOITS
Ransomware-5,CVE-2021-26084,EXPLOITS
Ransomware-5,CVE-2021-26411,EXPLOITS
Ransomware-5,CVE-2021-34527,EXPLOITS
Ransomware-5,CVE-2021-40444,EXPLOITS
Ransomware-5,CVE-2022-26134,EXPLOITS
Ransomware-5,CVE-2022-26138,EXPLOITS
Ransomware-5,CVE-2023-24880,EXPLOITS
Ransomware-6,CVE-2010-0188,EXPLOITS
Ransomware-6,CVE-2012-0507,EXPLOITS
Ransomware-6,CVE-2012-1723,EXPLOITS
Ransomware-6,CVE-2013-0074,EXPLOITS
Ransomware-7,CVE-2010-0188,EXPLOITS
Ransomware-7,CVE-2012-0507,EXPLOITS
Ransomware-7,CVE-2012-1723,EXPLOITS
Ransomware-7,CVE-2013-0074,EXPLOITS
Ransomware-8,CVE-2010-0188,EXPLOITS
Ransomware-8,CVE-2012-0507,EXPLOITS
Ransomware-8,CVE-2012-1723,EXPLOITS
Ransomware-8,CVE-2013-0074,EXPLOITS
Ransomware-9,CVE-2010-0188,EXPLOITS
Ransomware-9,CVE-2012-0507,EXPLOITS
Ransomware-9,CVE-2012-1723,EXPLOITS
Ransomware-9,CVE-2013-0074,EXPLOITS
Ransomware-10,CVE-2010-0188,EXPLOITS
Ransomware-10,CVE-2012-0507,EXPLOITS
Ransomware-10,CVE-2012-1723,EXPLOITS
Ransomware-10,CVE-2013-0074,EXPLOITS
Ransomware-10,CVE-2019-11634,EXPLOITS
Ransomware-10,CVE-2019-19781,EXPLOITS
Ransomware-10,CVE-2020-1472,EXPLOITS
Ransomware-10,CVE-2021-27101,EXPLOITS
Ransomware-10,CVE-2021-27102,EXPLOITS
Ransomware-10,CVE-2021-27103,EXPLOITS
Ransomware-10,CVE-2021-27104,EXPLOITS
Ransomware-10,CVE-2021-35211,EXPLOITS
Ransomware-11,CVE-2010-0188,EXPLOITS
Ransomware-11,CVE-2012-0507,EXPLOITS
Ransomware-11,CVE-2012-1723,EXPLOITS
Ransomware-11,CVE-2013-0074,EXPLOITS
Ransomware-12,CVE-2010-0188,EXPLOITS
Ransomware-12,CVE-2012-0507,EXPLOITS
Ransomware-12,CVE-2012-1723,EXPLOITS
Ransomware-12,CVE-2013-0074,EXPLOITS
Ransomware-13,CVE-2010-0188,EXPLOITS
Ransomware-13,CVE-2012-0158,EXPLOITS
Ransomware-13,CVE-2012-0507,EXPLOITS
Ransomware-13,CVE-2012-1710,EXPLOITS
Ransomware-13,CVE-2012-1723,EXPLOITS
Ransomware-13,CVE-2013-0074,EXPLOITS
Ransomware-13,CVE-2013-3993,EXPLOITS
Ransomware-13,CVE-2014-0569,EXPLOITS
Ransomware-13,CVE-2015-1701,EXPLOITS
Ransomware-13,CVE-2015-2551,EXPLOITS
Ransomware-13,CVE-2016-1019,EXPLOITS
Ransomware-14,CVE-2010-0188,EXPLOITS
Ransomware-14,CVE-2012-0507,EXPLOITS
Ransomware-14,CVE-2012-1723,EXPLOITS
Ransomware-14,CVE-2013-0074,EXPLOITS
Ransomware-15,CVE-2010-0188,EXPLOITS
Ransomware-15,CVE-2012-1723,EXPLOITS
Ransomware-15,CVE-2012-4681,EXPLOITS
Ransomware-15,CVE-2012-5076,EXPLOITS
Ransomware-16,CVE-2010-0738,EXPLOITS
Ransomware-16,CVE-2013-4810,EXPLOITS
Ransomware-16,CVE-2017-10271,EXPLOITS
Ransomware-16,CVE-2017-12149,EXPLOITS
Ransomware-16,CVE-2017-12615,EXPLOITS
Ransomware-16,CVE-2017-5638,EXPLOITS
Ransomware-16,CVE-2018-11776,EXPLOITS
Ransomware-16,CVE-2018-1273,EXPLOITS
Ransomware-16,CVE-2018-2894,EXPLOITS
Ransomware-17,CVE-2010-0738,EXPLOITS
Ransomware-17,CVE-2010-1428,EXPLOITS
Ransomware-18,CVE-2010-0738,EXPLOITS
Ransomware-18,CVE-2015-1427,EXPLOITS
Ransomware-18,CVE-2017-0143,EXPLOITS
Ransomware-18,CVE-2017-0144,EXPLOITS
Ransomware-18,CVE-2017-0145,EXPLOITS
Ransomware-18,CVE-2017-0146,EXPLOITS
Ransomware-18,CVE-2017-0147,EXPLOITS
Ransomware-18,CVE-2017-10271,EXPLOITS
Ransomware-18,CVE-2017-12149,EXPLOITS
Ransomware-18,CVE-2017-12615,EXPLOITS
Ransomware-18,CVE-2017-8046,EXPLOITS
Ransomware-18,CVE-2018-1273,EXPLOITS
Ransomware-18,CVE-2018-2894,EXPLOITS
Ransomware-18,CVE-2019-9081,EXPLOITS
Ransomware-19,CVE-2010-0840,EXPLOITS
Ransomware-19,CVE-2012-0507,EXPLOITS
Ransomware-19,CVE-2012-1723,EXPLOITS
Ransomware-19,CVE-2012-4681,EXPLOITS
Ransomware-19,CVE-2012-5076,EXPLOITS
Ransomware-19,CVE-2013-0074,EXPLOITS
Ransomware-19,CVE-2013-0422,EXPLOITS
Ransomware-19,CVE-2013-0431,EXPLOITS
Ransomware-19,CVE-2013-1493,EXPLOITS
Ransomware-19,CVE-2013-2423,EXPLOITS
Ransomware-19,CVE-2014-8439,EXPLOITS
Ransomware-19,CVE-2015-0310,EXPLOITS
Ransomware-19,CVE-2015-0311,EXPLOITS
Ransomware-19,CVE-2015-2551,EXPLOITS
Ransomware-20,CVE-2012-0158,EXPLOITS
Ransomware-21,CVE-2012-0507,EXPLOITS
Ransomware-22,CVE-2012-0507,EXPLOITS
Ransomware-22,CVE-2012-1723,EXPLOITS
Ransomware-22,CVE-2013-0074,EXPLOITS
Ransomware-23,CVE-2012-0507,EXPLOITS
Ransomware-23,CVE-2012-1723,EXPLOITS
Ransomware-23,CVE-2013-0074,EXPLOITS
Ransomware-23,CVE-2019-5039,EXPLOITS
Ransomware-24,CVE-2012-0507,EXPLOITS
Ransomware-24,CVE-2012-1723,EXPLOITS
Ransomware-24,CVE-2013-0074,EXPLOITS
Ransomware-25,CVE-2012-0507,EXPLOITS
Ransomware-25,CVE-2012-1723,EXPLOITS
Ransomware-25,CVE-2013-0074,EXPLOITS
Ransomware-26,CVE-2012-0507,EXPLOITS
Ransomware-26,CVE-2012-1723,EXPLOITS
Ransomware-26,CVE-2013-0074,EXPLOITS
Ransomware-27,CVE-2012-0507,EXPLOITS
Ransomware-28,CVE-2012-0507,EXPLOITS
Ransomware-28,CVE-2012-1723,EXPLOITS
Ransomware-28,CVE-2013-0074,EXPLOITS
Ransomware-29,CVE-2012-0507,EXPLOITS
Ransomware-29,CVE-2012-1723,EXPLOITS
Ransomware-29,CVE-2013-0074,EXPLOITS
Ransomware-30,CVE-2012-0507,EXPLOITS
Ransomware-30,CVE-2012-1723,EXPLOITS
Ransomware-30,CVE-2013-0074,EXPLOITS
Ransomware-31,CVE-2012-0507,EXPLOITS
Ransomware-31,CVE-2012-1723,EXPLOITS
Ransomware-31,CVE-2013-0074,EXPLOITS
Ransomware-32,CVE-2012-0507,EXPLOITS
Ransomware-32,CVE-2012-1723,EXPLOITS
Ransomware-32,CVE-2013-0074,EXPLOITS
Ransomware-33,CVE-2012-0507,EXPLOITS
Ransomware-33,CVE-2013-0074,EXPLOITS
Ransomware-33,CVE-2013-0634,EXPLOITS
Ransomware-33,CVE-2013-2465,EXPLOITS
Ransomware-33,CVE-2013-2729,EXPLOITS
Ransomware-33,CVE-2013-3660,EXPLOITS
Ransomware-33,CVE-2014-0556,EXPLOITS
Ransomware-33,CVE-2015-2551,EXPLOITS
Ransomware-33,CVE-2015-3105,EXPLOITS
Ransomware-33,CVE-2015-8446,EXPLOITS
Ransomware-34,CVE-2012-0507,EXPLOITS
Ransomware-34,CVE-2012-1723,EXPLOITS
Ransomware-34,CVE-2013-0074,EXPLOITS
Ransomware-35,CVE-2012-0507,EXPLOITS
Ransomware-35,CVE-2012-1723,EXPLOITS
Ransomware-35,CVE-2013-0074,EXPLOITS
Ransomware-36,CVE-2012-0507,EXPLOITS
Ransomware-36,CVE-2012-1723,EXPLOITS
Ransomware-36,CVE-2013-0074,EXPLOITS
Ransomware-37,CVE-2012-0507,EXPLOITS
Ransomware-37,CVE-2012-1723,EXPLOITS
Ransomware-37,CVE-2013-0074,EXPLOITS
Ransomware-38,CVE-2012-0507,EXPLOITS
Ransomware-38,CVE-2012-1723,EXPLOITS
Ransomware-38,CVE-2013-0074,EXPLOITS
Ransomware-38,CVE-2016-0189,EXPLOITS
Ransomware-38,CVE-2017-10271,EXPLOITS
Ransomware-38,CVE-2017-18362,EXPLOITS
Ransomware-38,CVE-2018-15982,EXPLOITS
Ransomware-38,CVE-2018-4878,EXPLOITS
Ransomware-38,CVE-2018-8120,EXPLOITS
Ransomware-38,CVE-2018-8174,EXPLOITS
Ransomware-38,CVE-2018-8440,EXPLOITS
Ransomware-38,CVE-2019-2725,EXPLOITS
Ransomware-38,CVE-2019-3396,EXPLOITS
Ransomware-39,CVE-2012-0507,EXPLOITS
Ransomware-39,CVE-2012-1723,EXPLOITS
Ransomware-39,CVE-2013-0074,EXPLOITS
Ransomware-40,CVE-2012-0507,EXPLOITS
Ransomware-40,CVE-2012-1723,EXPLOITS
Ransomware-40,CVE-2013-0074,EXPLOITS
Ransomware-41,CVE-2012-0507,EXPLOITS
Ransomware-41,CVE-2012-1723,EXPLOITS
Ransomware-41,CVE-2013-0074,EXPLOITS
Ransomware-42,CVE-2012-0507,EXPLOITS
Ransomware-42,CVE-2013-0074,EXPLOITS
Ransomware-43,CVE-2012-0507,EXPLOITS
Ransomware-43,CVE-2012-1723,EXPLOITS
Ransomware-43,CVE-2013-0074,EXPLOITS
Ransomware-44,CVE-2012-0507,EXPLOITS
Ransomware-44,CVE-2012-1723,EXPLOITS
Ransomware-44,CVE-2013-0074,EXPLOITS
Ransomware-45,CVE-2012-0507,EXPLOITS
Ransomware-45,CVE-2012-1723,EXPLOITS
Ransomware-45,CVE-2013-0074,EXPLOITS
Ransomware-46,CVE-2012-0507,EXPLOITS
Ransomware-46,CVE-2012-1723,EXPLOITS
Ransomware-46,CVE-2013-0074,EXPLOITS
Ransomware-47,CVE-2012-0507,EXPLOITS
Ransomware-47,CVE-2012-1723,EXPLOITS
Ransomware-47,CVE-2013-0074,EXPLOITS
Ransomware-48,CVE-2012-0507,EXPLOITS
Ransomware-48,CVE-2012-1723,EXPLOITS
Ransomware-48,CVE-2013-0074,EXPLOITS
Ransomware-48,CVE-2013-2551,EXPLOITS
Ransomware-48,CVE-2014-6332,EXPLOITS
Ransomware-48,CVE-2015-2419,EXPLOITS
Ransomware-48,CVE-2015-8651,EXPLOITS
Ransomware-48,CVE-2016-0189,EXPLOITS
Ransomware-48,CVE-2016-1019,EXPLOITS
Ransomware-49,CVE-2012-0507,EXPLOITS
Ransomware-49,CVE-2012-1723,EXPLOITS
Ransomware-49,CVE-2013-0074,EXPLOITS
Ransomware-50,CVE-2012-0507,EXPLOITS
Ransomware-50,CVE-2012-1723,EXPLOITS
Ransomware-50,CVE-2013-0074,EXPLOITS
Ransomware-50,CVE-2018-8453,EXPLOITS
Ransomware-50,CVE-2019-11507,EXPLOITS
Ransomware-50,CVE-2019-11510,EXPLOITS
Ransomware-50,CVE-2019-11539,EXPLOITS
Ransomware-50,CVE-2019-11634,EXPLOITS
Ransomware-50,CVE-2019-19781,EXPLOITS
Ransomware-50,CVE-2019-2725,EXPLOITS
Ransomware-50,CVE-2019-2729,EXPLOITS
Ransomware-50,CVE-2020-0609,EXPLOITS
Ransomware-50,CVE-2020-0610,EXPLOITS
Ransomware-50,CVE-2021-30116,EXPLOITS
Ransomware-50,CVE-2021-30119,EXPLOITS
Ransomware-50,CVE-2021-30120,EXPLOITS
Ransomware-51,CVE-2012-0507,EXPLOITS
Ransomware-51,CVE-2012-1723,EXPLOITS
Ransomware-51,CVE-2013-0074,EXPLOITS
Ransomware-52,CVE-2012-1710,EXPLOITS
Ransomware-52,CVE-2013-3993,EXPLOITS
Ransomware-52,CVE-2017-0144,EXPLOITS
Ransomware-52,CVE-2017-0145,EXPLOITS
Ransomware-52,CVE-2017-0148,EXPLOITS
Ransomware-52,CVE-2018-14665,EXPLOITS
Ransomware-52,CVE-2018-7600,EXPLOITS
Ransomware-52,CVE-2018-7602,EXPLOITS
Ransomware-52,CVE-2018-8140,EXPLOITS
Ransomware-52,CVE-2020-10713,EXPLOITS
Ransomware-53,CVE-2012-1723,EXPLOITS
Ransomware-53,CVE-2013-0074,EXPLOITS
Ransomware-54,CVE-2012-1723,EXPLOITS
Ransomware-55,CVE-2012-4681,EXPLOITS
Ransomware-56,CVE-2013-0074,EXPLOITS
Ransomware-57,CVE-2013-0074,EXPLOITS
Ransomware-58,CVE-2013-0074,EXPLOITS
Ransomware-59,CVE-2013-0074,EXPLOITS
Ransomware-60,CVE-2013-0074,EXPLOITS
Ransomware-61,CVE-2013-0074,EXPLOITS
Ransomware-62,CVE-2013-0074,EXPLOITS
Ransomware-63,CVE-2013-0074,EXPLOITS
Ransomware-64,CVE-2013-0074,EXPLOITS
Ransomware-65,CVE-2013-1493,EXPLOITS
Ransomware-66,CVE-2013-2551,EXPLOITS
Ransomware-66,CVE-2015-0311,EXPLOITS
Ransomware-66,CVE-2015-2419,EXPLOITS
Ransomware-66,CVE-2015-7645,EXPLOITS
Ransomware-66,CVE-2015-8651,EXPLOITS
Ransomware-66,CVE-2016-0034,EXPLOITS
Ransomware-67,CVE-2013-2618,EXPLOITS
Ransomware-67,CVE-2017-0143,EXPLOITS
Ransomware-67,CVE-2017-0144,EXPLOITS
Ransomware-67,CVE-2017-0145,EXPLOITS
Ransomware-67,CVE-2017-0146,EXPLOITS
Ransomware-67,CVE-2017-0147,EXPLOITS
Ransomware-67,CVE-2017-6884,EXPLOITS
Ransomware-67,CVE-2018-12808,EXPLOITS
Ransomware-67,CVE-2018-20685,EXPLOITS
Ransomware-67,CVE-2018-8389,EXPLOITS
Ransomware-67,CVE-2018-8453,EXPLOITS
Ransomware-67,CVE-2019-1069,EXPLOITS
Ransomware-67,CVE-2019-6109,EXPLOITS
Ransomware-67,CVE-2019-6110,EXPLOITS
Ransomware-67,CVE-2019-6111,EXPLOITS
Ransomware-67,CVE-2020-1472,EXPLOITS
Ransomware-67,CVE-2021-40444,EXPLOITS
Ransomware-68,CVE-2013-3900,EXPLOITS
Ransomware-68,CVE-2017-0143,EXPLOITS
Ransomware-68,CVE-2017-0144,EXPLOITS
Ransomware-68,CVE-2017-0145,EXPLOITS
Ransomware-68,CVE-2017-0146,EXPLOITS
Ransomware-68,CVE-2017-0147,EXPLOITS
Ransomware-68,CVE-2017-0148,EXPLOITS
Ransomware-68,CVE-2018-12808,EXPLOITS
Ransomware-68,CVE-2018-13374,EXPLOITS
Ransomware-68,CVE-2018-13379,EXPLOITS
Ransomware-68,CVE-2018-8453,EXPLOITS
Ransomware-68,CVE-2019-11510,EXPLOITS
Ransomware-68,CVE-2019-2725,EXPLOITS
Ransomware-68,CVE-2020-0609,EXPLOITS
Ransomware-68,CVE-2020-0796,EXPLOITS
Ransomware-68,CVE-2020-1472,EXPLOITS
Ransomware-68,CVE-2020-1599,EXPLOITS
Ransomware-68,CVE-2021-1675,EXPLOITS
Ransomware-68,CVE-2021-21985,EXPLOITS
Ransomware-68,CVE-2021-26084,EXPLOITS
Ransomware-68,CVE-2021-27101,EXPLOITS
Ransomware-68,CVE-2021-27102,EXPLOITS
Ransomware-68,CVE-2021-27103,EXPLOITS
Ransomware-68,CVE-2021-27104,EXPLOITS
Ransomware-68,CVE-2021-31207,EXPLOITS
Ransomware-68,CVE-2021-34473,EXPLOITS
Ransomware-68,CVE-2021-34523,EXPLOITS
Ransomware-68,CVE-2021-34527,EXPLOITS
Ransomware-68,CVE-2021-40444,EXPLOITS
Ransomware-68,CVE-2021-44228,EXPLOITS
Ransomware-69,CVE-2014-6287,EXPLOITS
Ransomware-69,CVE-2017-0144,EXPLOITS
Ransomware-69,CVE-2017-0145,EXPLOITS
Ransomware-69,CVE-2017-10271,EXPLOITS
Ransomware-69,CVE-2017-8464,EXPLOITS
Ransomware-69,CVE-2017-9791,EXPLOITS
Ransomware-69,CVE-2018-1000861,EXPLOITS
Ransomware-69,CVE-2018-20062,EXPLOITS
Ransomware-69,CVE-2018-7600,EXPLOITS
Ransomware-69,CVE-2019-9081,EXPLOITS
Ransomware-70,CVE-2015-1641,EXPLOITS
Ransomware-71,CVE-2015-1701,EXPLOITS
Ransomware-71,CVE-2017-0213,EXPLOITS
Ransomware-71,CVE-2019-0708,EXPLOITS
Ransomware-71,CVE-2019-11510,EXPLOITS
Ransomware-71,CVE-2019-1458,EXPLOITS
Ransomware-71,CVE-2019-18935,EXPLOITS
Ransomware-71,CVE-2019-19781,EXPLOITS
Ransomware-71,CVE-2020-0796,EXPLOITS
Ransomware-72,CVE-2015-2551,EXPLOITS
Ransomware-73,CVE-2015-3133,EXPLOITS
Ransomware-74,CVE-2016-0128,EXPLOITS
Ransomware-74,CVE-2016-2118,EXPLOITS
Ransomware-75,CVE-2016-10057,EXPLOITS
Ransomware-75,CVE-2016-10401,EXPLOITS
Ransomware-75,CVE-2017-0144,EXPLOITS
Ransomware-75,CVE-2017-10271,EXPLOITS
Ransomware-75,CVE-2017-12149,EXPLOITS
Ransomware-75,CVE-2018-0986,EXPLOITS
Ransomware-75,CVE-2018-1000136,EXPLOITS
Ransomware-75,CVE-2018-10115,EXPLOITS
Ransomware-75,CVE-2018-20250,EXPLOITS
Ransomware-75,CVE-2018-3639,EXPLOITS
Ransomware-75,CVE-2018-5383,EXPLOITS
Ransomware-75,CVE-2018-5391,EXPLOITS
Ransomware-75,CVE-2018-6789,EXPLOITS
Ransomware-75,CVE-2018-7602,EXPLOITS
Ransomware-75,CVE-2018-9995,EXPLOITS
Ransomware-76,CVE-2016-3088,EXPLOITS
Ransomware-77,CVE-2016-4117,EXPLOITS
Ransomware-78,CVE-2016-4117,EXPLOITS
Ransomware-79,CVE-2016-7200,EXPLOITS
Ransomware-79,CVE-2016-7201,EXPLOITS
Ransomware-80,CVE-2016-7255,EXPLOITS
Ransomware-80,CVE-2018-15982,EXPLOITS
Ransomware-80,CVE-2018-4878,EXPLOITS
Ransomware-80,CVE-2018-8174,EXPLOITS
Ransomware-80,CVE-2018-8453,EXPLOITS
Ransomware-80,CVE-2019-11507,EXPLOITS
Ransomware-80,CVE-2019-11510,EXPLOITS
Ransomware-80,CVE-2019-11539,EXPLOITS
Ransomware-80,CVE-2019-19781,EXPLOITS
Ransomware-81,CVE-2017-0143,EXPLOITS
Ransomware-81,CVE-2017-0145,EXPLOITS
Ransomware-81,CVE-2017-0146,EXPLOITS
Ransomware-81,CVE-2017-0147,EXPLOITS
Ransomware-81,CVE-2017-11882,EXPLOITS
Ransomware-82,CVE-2017-0143,EXPLOITS
Ransomware-82,CVE-2017-0145,EXPLOITS
Ransomware-82,CVE-2017-0146,EXPLOITS
Ransomware-82,CVE-2017-0147,EXPLOITS
Ransomware-83,CVE-2017-0143,EXPLOITS
Ransomware-83,CVE-2017-0144,EXPLOITS
Ransomware-83,CVE-2017-0145,EXPLOITS
Ransomware-83,CVE-2017-0146,EXPLOITS
Ransomware-83,CVE-2017-0147,EXPLOITS
Ransomware-83,CVE-2019-0803,EXPLOITS
Ransomware-84,CVE-2017-0144,EXPLOITS
Ransomware-84,CVE-2017-0145,EXPLOITS
Ransomware-85,CVE-2017-0144,EXPLOITS
Ransomware-86,CVE-2017-0145,EXPLOITS
Ransomware-87,CVE-2017-1000253,EXPLOITS
Ransomware-88,CVE-2017-3197,EXPLOITS
Ransomware-88,CVE-2017-3198,EXPLOITS
Ransomware-89,CVE-2017-7494,EXPLOITS
Ransomware-90,CVE-2018-13379,EXPLOITS
Ransomware-90,CVE-2021-26855,EXPLOITS
Ransomware-90,CVE-2021-26857,EXPLOITS
Ransomware-90,CVE-2021-26858,EXPLOITS
Ransomware-90,CVE-2021-27065,EXPLOITS
Ransomware-91,CVE-2018-13379,EXPLOITS
Ransomware-91,CVE-2019-0708,EXPLOITS
Ransomware-91,CVE-2020-1472,EXPLOITS
Ransomware-91,CVE-2021-22986,EXPLOITS
Ransomware-91,CVE-2021-26084,EXPLOITS
Ransomware-91,CVE-2021-31207,EXPLOITS
Ransomware-91,CVE-2021-34473,EXPLOITS
Ransomware-91,CVE-2021-34523,EXPLOITS
Ransomware-91,CVE-2021-36942,EXPLOITS
Ransomware-91,CVE-2022-22279,EXPLOITS
Ransomware-91,CVE-2022-36537,EXPLOITS
Ransomware-91,CVE-2022-41040,EXPLOITS
Ransomware-91,CVE-2022-41082,EXPLOITS
Ransomware-91,CVE-2023-0699,EXPLOITS
Ransomware-91,CVE-2023-27350,EXPLOITS
Ransomware-92,CVE-2018-13379,EXPLOITS
Ransomware-92,CVE-2019-11510,EXPLOITS
Ransomware-92,CVE-2019-1579,EXPLOITS
Ransomware-92,CVE-2019-19781,EXPLOITS
Ransomware-92,CVE-2020-5902,EXPLOITS
Ransomware-93,CVE-2018-13379,EXPLOITS
Ransomware-93,CVE-2020-12812,EXPLOITS
Ransomware-93,CVE-2022-41040,EXPLOITS
Ransomware-93,CVE-2022-41080,EXPLOITS
Ransomware-93,CVE-2022-41082,EXPLOITS
Ransomware-94,CVE-2018-13379,EXPLOITS
Ransomware-94,CVE-2018-8453,EXPLOITS
Ransomware-94,CVE-2019-1108,EXPLOITS
Ransomware-94,CVE-2019-11510,EXPLOITS
Ransomware-94,CVE-2019-11539,EXPLOITS
Ransomware-94,CVE-2019-1224,EXPLOITS
Ransomware-94,CVE-2019-1225,EXPLOITS
Ransomware-94,CVE-2019-18935,EXPLOITS
Ransomware-94,CVE-2019-19781,EXPLOITS
Ransomware-94,CVE-2019-2725,EXPLOITS
Ransomware-94,CVE-2019-5544,EXPLOITS
Ransomware-94,CVE-2020-0609,EXPLOITS
Ransomware-94,CVE-2020-0610,EXPLOITS
Ransomware-94,CVE-2020-1472,EXPLOITS
Ransomware-94,CVE-2020-16896,EXPLOITS
Ransomware-94,CVE-2020-5902,EXPLOITS
Ransomware-94,CVE-2021-20016,EXPLOITS
Ransomware-94,CVE-2021-26855,EXPLOITS
Ransomware-94,CVE-2021-26857,EXPLOITS
Ransomware-94,CVE-2021-26858,EXPLOITS
Ransomware-94,CVE-2021-27065,EXPLOITS
Ransomware-94,CVE-2021-30116,EXPLOITS
Ransomware-94,CVE-2021-30119,EXPLOITS
Ransomware-94,CVE-2021-30120,EXPLOITS
Ransomware-95,CVE-2018-15982,EXPLOITS
Ransomware-95,CVE-2018-4878,EXPLOITS
Ransomware-95,CVE-2018-8174,EXPLOITS
Ransomware-95,CVE-2019-11510,EXPLOITS
Ransomware-96,CVE-2018-15982,EXPLOITS
Ransomware-96,CVE-2018-4878,EXPLOITS
Ransomware-96,CVE-2018-8174,EXPLOITS
Ransomware-96,CVE-2019-11510,EXPLOITS
Ransomware-96,CVE-2021-34527,EXPLOITS
Ransomware-96,CVE-2022-30190,EXPLOITS
Ransomware-96,CVE-2022-41073,EXPLOITS
Ransomware-96,CVE-2022-44698,EXPLOITS
Ransomware-97,CVE-2018-15982,EXPLOITS
Ransomware-97,CVE-2018-4878,EXPLOITS
Ransomware-97,CVE-2018-8174,EXPLOITS
Ransomware-97,CVE-2019-11507,EXPLOITS
Ransomware-97,CVE-2019-11510,EXPLOITS
Ransomware-97,CVE-2019-11539,EXPLOITS
Ransomware-98,CVE-2018-19320,EXPLOITS
Ransomware-98,CVE-2018-19321,EXPLOITS
Ransomware-98,CVE-2018-19322,EXPLOITS
Ransomware-98,CVE-2018-19323,EXPLOITS
Ransomware-98,CVE-2019-16098,EXPLOITS
Ransomware-98,CVE-2020-3153,EXPLOITS
Ransomware-98,CVE-2020-3433,EXPLOITS
Ransomware-99,CVE-2018-19943,EXPLOITS
Ransomware-99,CVE-2018-19949,EXPLOITS
Ransomware-99,CVE-2018-19953,EXPLOITS
Ransomware-99,CVE-2019-7192,EXPLOITS
Ransomware-99,CVE-2019-7193,EXPLOITS
Ransomware-99,CVE-2019-7194,EXPLOITS
Ransomware-99,CVE-2019-7195,EXPLOITS
Ransomware-99,CVE-2021-28799,EXPLOITS
Ransomware-100,CVE-2018-8174,EXPLOITS
Ransomware-100,CVE-2019-1367,EXPLOITS
Ransomware-100,CVE-2020-0968,EXPLOITS
Ransomware-100,CVE-2020-0986,EXPLOITS
Ransomware-100,CVE-2021-26411,EXPLOITS
Ransomware-100,CVE-2021-34527,EXPLOITS
Ransomware-100,CVE-2022-41091,EXPLOITS
Ransomware-100,CVE-2022-44698,EXPLOITS
Ransomware-100,CVE-2023-24880,EXPLOITS
Ransomware-101,CVE-2018-8453,EXPLOITS
Ransomware-102,CVE-2019-0604,EXPLOITS
Ransomware-103,CVE-2019-0708,EXPLOITS
Ransomware-103,CVE-2019-19781,EXPLOITS
Ransomware-104,CVE-2019-0708,EXPLOITS
Ransomware-105,CVE-2019-0859,EXPLOITS
Ransomware-106,CVE-2019-1068,EXPLOITS
Ransomware-106,CVE-2020-0618,EXPLOITS
Ransomware-107,CVE-2019-11507,EXPLOITS
Ransomware-107,CVE-2019-11510,EXPLOITS
Ransomware-107,CVE-2019-11539,EXPLOITS
Ransomware-107,CVE-2021-26855,EXPLOITS
Ransomware-107,CVE-2021-26857,EXPLOITS
Ransomware-107,CVE-2021-26858,EXPLOITS
Ransomware-107,CVE-2021-27065,EXPLOITS
Ransomware-108,CVE-2019-11507,EXPLOITS
Ransomware-108,CVE-2019-11510,EXPLOITS
Ransomware-108,CVE-2019-11539,EXPLOITS
Ransomware-108,CVE-2019-9081,EXPLOITS
Ransomware-109,CVE-2019-11634,EXPLOITS
Ransomware-109,CVE-2019-13608,EXPLOITS
Ransomware-109,CVE-2019-19781,EXPLOITS
Ransomware-110,CVE-2019-16057,EXPLOITS
Ransomware-111,CVE-2019-16098,EXPLOITS
Ransomware-111,CVE-2021-31207,EXPLOITS
Ransomware-111,CVE-2021-34473,EXPLOITS
Ransomware-111,CVE-2021-34523,EXPLOITS
Ransomware-112,CVE-2019-16647,EXPLOITS
Ransomware-113,CVE-2019-16920,EXPLOITS
Ransomware-114,CVE-2019-2725,EXPLOITS
Ransomware-115,CVE-2019-3396,EXPLOITS
Ransomware-116,CVE-2019-3396,EXPLOITS
Ransomware-117,CVE-2019-5544,EXPLOITS
Ransomware-117,CVE-2020-1472,EXPLOITS
Ransomware-117,CVE-2020-3992,EXPLOITS
Ransomware-117,CVE-2020-5135,EXPLOITS
Ransomware-117,CVE-2021-26855,EXPLOITS
Ransomware-117,CVE-2021-26857,EXPLOITS
Ransomware-117,CVE-2021-26858,EXPLOITS
Ransomware-117,CVE-2021-27065,EXPLOITS
Ransomware-117,CVE-2021-31207,EXPLOITS
Ransomware-117,CVE-2021-34473,EXPLOITS
Ransomware-117,CVE-2021-34523,EXPLOITS
Ransomware-117,CVE-2021-36942,EXPLOITS
Ransomware-118,CVE-2019-5544,EXPLOITS
Ransomware-118,CVE-2020-1472,EXPLOITS
Ransomware-118,CVE-2020-3992,EXPLOITS
Ransomware-118,CVE-2021-20016,EXPLOITS
Ransomware-119,CVE-2019-5544,EXPLOITS
Ransomware-119,CVE-2020-3992,EXPLOITS
Ransomware-120,CVE-2019-7481,EXPLOITS
Ransomware-121,CVE-2020-0601,EXPLOITS
Ransomware-122,CVE-2020-0601,EXPLOITS
Ransomware-123,CVE-2020-0688,EXPLOITS
Ransomware-123,CVE-2020-1472,EXPLOITS
Ransomware-124,CVE-2020-12271,EXPLOITS
Ransomware-124,CVE-2022-1040,EXPLOITS
Ransomware-125,CVE-2020-12812,EXPLOITS
Ransomware-125,CVE-2021-31207,EXPLOITS
Ransomware-125,CVE-2021-33558,EXPLOITS
Ransomware-125,CVE-2021-34473,EXPLOITS
Ransomware-125,CVE-2021-34523,EXPLOITS
Ransomware-125,CVE-2021-42321,EXPLOITS
Ransomware-125,CVE-2022-12812,EXPLOITS
Ransomware-125,CVE-2022-41080,EXPLOITS
Ransomware-125,CVE-2022-41082,EXPLOITS
Ransomware-126,CVE-2020-1472,EXPLOITS
Ransomware-126,CVE-2021-34473,EXPLOITS
Ransomware-126,CVE-2021-34523,EXPLOITS
Ransomware-126,CVE-2021-34527,EXPLOITS
Ransomware-126,CVE-2021-4034,EXPLOITS
Ransomware-126,CVE-2022-27925,EXPLOITS
Ransomware-126,CVE-2022-37042,EXPLOITS
Ransomware-126,CVE-2023-27350,EXPLOITS
Ransomware-127,CVE-2020-1472,EXPLOITS
Ransomware-127,CVE-2021-34527,EXPLOITS
Ransomware-127,CVE-2021-42278,EXPLOITS
Ransomware-127,CVE-2021-42287,EXPLOITS
Ransomware-127,CVE-2022-30190,EXPLOITS
Ransomware-128,CVE-2020-1472,EXPLOITS
Ransomware-128,CVE-2022-24521,EXPLOITS
Ransomware-128,CVE-2022-26522,EXPLOITS
Ransomware-128,CVE-2022-26523,EXPLOITS
Ransomware-128,CVE-2022-41080,EXPLOITS
Ransomware-128,CVE-2022-41082,EXPLOITS
Ransomware-128,CVE-2023-27532,EXPLOITS
Ransomware-129,CVE-2020-1472,EXPLOITS
Ransomware-129,CVE-2021-26855,EXPLOITS
Ransomware-129,CVE-2021-26857,EXPLOITS
Ransomware-129,CVE-2021-26858,EXPLOITS
Ransomware-129,CVE-2021-27065,EXPLOITS
Ransomware-130,CVE-2020-2506,EXPLOITS
Ransomware-130,CVE-2020-2507,EXPLOITS
Ransomware-131,CVE-2020-2509,EXPLOITS
Ransomware-131,CVE-2020-36195,EXPLOITS
Ransomware-131,CVE-2021-28799,EXPLOITS
Ransomware-131,CVE-2022-27593,EXPLOITS
Ransomware-132,CVE-2020-3992,EXPLOITS
Ransomware-132,CVE-2021-21974,EXPLOITS
Ransomware-132,CVE-2022-27510,EXPLOITS
Ransomware-133,CVE-2021-1675,EXPLOITS
Ransomware-133,CVE-2021-34527,EXPLOITS
Ransomware-133,CVE-2022-24521,EXPLOITS
Ransomware-134,CVE-2021-20016,EXPLOITS
Ransomware-134,CVE-2021-20021,EXPLOITS
Ransomware-134,CVE-2021-20022,EXPLOITS
Ransomware-134,CVE-2021-20023,EXPLOITS
Ransomware-135,CVE-2021-20038,EXPLOITS
Ransomware-135,CVE-2021-26084,EXPLOITS
Ransomware-135,CVE-2022-24990,EXPLOITS
Ransomware-135,CVE-2022-26352,EXPLOITS
Ransomware-136,CVE-2021-20038,EXPLOITS
Ransomware-136,CVE-2021-26084,EXPLOITS
Ransomware-136,CVE-2022-24990,EXPLOITS
Ransomware-137,CVE-2021-21972,EXPLOITS
Ransomware-138,CVE-2021-21974,EXPLOITS
Ransomware-138,CVE-2022-27510,EXPLOITS
Ransomware-139,CVE-2021-26084,EXPLOITS
Ransomware-140,CVE-2021-26084,EXPLOITS
Ransomware-141,CVE-2021-26084,EXPLOITS
Ransomware-141,CVE-2021-31207,EXPLOITS
Ransomware-141,CVE-2021-34473,EXPLOITS
Ransomware-141,CVE-2021-34523,EXPLOITS
Ransomware-141,CVE-2021-36942,EXPLOITS
Ransomware-142,CVE-2021-26084,EXPLOITS
Ransomware-142,CVE-2021-34473,EXPLOITS
Ransomware-143,CVE-2021-26855,EXPLOITS
Ransomware-143,CVE-2021-26857,EXPLOITS
Ransomware-143,CVE-2021-27876,EXPLOITS
Ransomware-143,CVE-2021-27877,EXPLOITS
Ransomware-143,CVE-2021-27878,EXPLOITS
Ransomware-143,CVE-2021-31207,EXPLOITS
Ransomware-143,CVE-2021-34473,EXPLOITS
Ransomware-144,CVE-2021-26855,EXPLOITS
Ransomware-144,CVE-2021-26857,EXPLOITS
Ransomware-144,CVE-2021-26858,EXPLOITS
Ransomware-144,CVE-2021-27065,EXPLOITS
Ransomware-145,CVE-2021-26855,EXPLOITS
Ransomware-145,CVE-2021-27065,EXPLOITS
Ransomware-145,CVE-2021-31207,EXPLOITS
Ransomware-145,CVE-2021-34473,EXPLOITS
Ransomware-145,CVE-2021-34523,EXPLOITS
Ransomware-146,CVE-2021-26858,EXPLOITS
Ransomware-146,CVE-2021-27065,EXPLOITS
Ransomware-147,CVE-2021-27101,EXPLOITS
Ransomware-147,CVE-2021-27102,EXPLOITS
Ransomware-147,CVE-2021-27103,EXPLOITS
Ransomware-147,CVE-2021-27104,EXPLOITS
Ransomware-147,CVE-2021-35211,EXPLOITS
Ransomware-147,CVE-2021-44228,EXPLOITS
Ransomware-147,CVE-2022-22954,EXPLOITS
Ransomware-147,CVE-2022-31199,EXPLOITS
Ransomware-147,CVE-2023-0669,EXPLOITS
Ransomware-147,CVE-2023-0699,EXPLOITS
Ransomware-147,CVE-2023-27350,EXPLOITS
Ransomware-147,CVE-2023-34362,EXPLOITS
Ransomware-147,CVE-2023-35036,EXPLOITS
Ransomware-148,CVE-2021-27876,EXPLOITS
Ransomware-148,CVE-2021-27877,EXPLOITS
Ransomware-148,CVE-2021-27878,EXPLOITS
Ransomware-148,CVE-2021-31206,EXPLOITS
Ransomware-148,CVE-2021-31207,EXPLOITS
Ransomware-148,CVE-2021-34473,EXPLOITS
Ransomware-148,CVE-2021-34523,EXPLOITS
Ransomware-148,CVE-2021-40539,EXPLOITS
Ransomware-148,CVE-2021-44228,EXPLOITS
Ransomware-148,CVE-2021-44832,EXPLOITS
Ransomware-148,CVE-2021-45046,EXPLOITS
Ransomware-148,CVE-2021-45105,EXPLOITS
Ransomware-148,CVE-2022-26134,EXPLOITS
Ransomware-148,CVE-2022-26138,EXPLOITS
Ransomware-148,CVE-2022-26500,EXPLOITS
Ransomware-148,CVE-2022-26501,EXPLOITS
Ransomware-148,CVE-2022-26522,EXPLOITS
Ransomware-148,CVE-2022-26523,EXPLOITS
Ransomware-149,CVE-2021-28799,EXPLOITS
Ransomware-150,CVE-2021-31207,EXPLOITS
Ransomware-150,CVE-2021-34473,EXPLOITS
Ransomware-150,CVE-2021-34523,EXPLOITS
Ransomware-151,CVE-2021-34473,EXPLOITS
Ransomware-152,CVE-2021-34523,EXPLOITS
Ransomware-153,3_7kw75a_firmware',EXPLOITS
Ransomware-153,irmware',EXPLOITS
Ransomware-154,3_7kw75a_firmware',EXPLOITS
Ransomware-154,3_7kw75a_firmware',EXPLOITS
Ransomware-154,3_7kw75a_firmware',EXPLOITS
Ransomware-154,3_7kw75a_firmware',EXPLOITS
Ransomware-154,irmware',EXPLOITS
Ransomware-154,irmware',EXPLOITS
Ransomware-154,irmware',EXPLOITS
Ransomware-154,irmware',EXPLOITS
Ransomware-154,irmware',EXPLOITS
Ransomware-155,3_7kw75a_firmware',EXPLOITS
Ransomware-155,irmware',EXPLOITS
Ransomware-155,irmware',EXPLOITS
Ransomware-156,3_7kw75a_firmware',EXPLOITS
Ransomware-156,3_7kw75a_firmware',EXPLOITS
Ransomware-156,irmware',EXPLOITS
Ransomware-157,3_7kw75a_firmware',EXPLOITS
Ransomware-157,irmware',EXPLOITS
Ransomware-158,3_7kw75a_firmware',EXPLOITS
Ransomware-158,irmware',EXPLOITS
Ransomware-159,3_7kw75a_firmware',EXPLOITS
Ransomware-159,irmware',EXPLOITS
Ransomware-160,3_7kw75a_firmware',EXPLOITS
Ransomware-160,3_7kw75a_firmware',EXPLOITS
Ransomware-160,irmware',EXPLOITS
Ransomware-161,3_7kw75a_firmware',EXPLOITS
Ransomware-161,3_7kw75a_firmware',EXPLOITS
Ransomware-161,3_7kw75a_firmware',EXPLOITS
Ransomware-161,irmware',EXPLOITS
Ransomware-161,irmware',EXPLOITS
Ransomware-161,irmware',EXPLOITS
Ransomware-161,irmware',EXPLOITS
Ransomware-161,irmware',EXPLOITS
Ransomware-162,3_7kw75a_firmware',EXPLOITS
Ransomware-162,irmware',EXPLOITS
Ransomware-163,3_7kw75a_firmware',EXPLOITS
Ransomware-164,3_7kw75a_firmware',EXPLOITS
Ransomware-164,3_7kw75a_firmware',EXPLOITS
Ransomware-165,3_7kw75a_firmware',EXPLOITS
Ransomware-165,3_7kw75a_firmware',EXPLOITS
Ransomware-165,irmware',EXPLOITS
Ransomware-166,3_7kw75a_firmware',EXPLOITS
Ransomware-166,irmware',EXPLOITS
Ransomware-167,3_7kw75a_firmware',EXPLOITS
Ransomware-168,3_7kw75a_firmware',EXPLOITS
Ransomware-168,3_7kw75a_firmware',EXPLOITS
Ransomware-168,irmware',EXPLOITS
Ransomware-168,irmware',EXPLOITS
Ransomware-168,irmware',EXPLOITS
Ransomware-168,irmware',EXPLOITS
Ransomware-169,3_7kw75a_firmware',EXPLOITS
Ransomware-169,irmware',EXPLOITS
Ransomware-169,irmware',EXPLOITS
Ransomware-170,3_7kw75a_firmware',EXPLOITS
Ransomware-170,3_7kw75a_firmware',EXPLOITS
Ransomware-170,irmware',EXPLOITS
Ransomware-170,irmware',EXPLOITS
Ransomware-170,irmware',EXPLOITS
Ransomware-171,3_7kw75a_firmware',EXPLOITS
Ransomware-171,irmware',EXPLOITS
Ransomware-171,irmware',EXPLOITS
Ransomware-171,irmware',EXPLOITS
Ransomware-172,3_7kw75a_firmware',EXPLOITS
Ransomware-172,irmware',EXPLOITS
Ransomware-172,irmware',EXPLOITS
Ransomware-172,irmware',EXPLOITS
Ransomware-172,irmware',EXPLOITS
Ransomware-172,irmware',EXPLOITS
Ransomware-173,CVE-2021-40444,EXPLOITS
Ransomware-174,CVE-2021-40539,EXPLOITS
Ransomware-175,CVE-2021-44228,EXPLOITS
Ransomware-176,CVE-2021-44228,EXPLOITS
Ransomware-177,CVE-2021-44228,EXPLOITS
Ransomware-178,CVE-2022-0847,EXPLOITS
Ransomware-178,CVE-2022-27593,EXPLOITS
Ransomware-179,CVE-2022-22954,EXPLOITS
Ransomware-180,CVE-2022-24521,EXPLOITS
Ransomware-181,CVE-2022-24521,EXPLOITS
Ransomware-182,CVE-2022-24521,EXPLOITS
Ransomware-182,CVE-2022-26500,EXPLOITS
Ransomware-182,CVE-2022-26501,EXPLOITS
Ransomware-182,CVE-2022-26504,EXPLOITS
Ransomware-183,CVE-2022-26500,EXPLOITS
Ransomware-183,CVE-2022-26501,EXPLOITS
Ransomware-183,CVE-2022-26504,EXPLOITS
Ransomware-184,CVE-2022-29499,EXPLOITS
Ransomware-185,CVE-2022-41352,EXPLOITS
Ransomware-186,CVE-2022-47986,EXPLOITS
Ransomware-186,CVE-2023-27350,EXPLOITS
Ransomware-187,CVE-2022-47986,EXPLOITS
Ransomware-188,irmware',EXPLOITS
Ransomware-189,irmware',EXPLOITS
Ransomware-189,irmware',EXPLOITS
Ransomware-190,irmware',EXPLOITS
Ransomware-191,irmware',EXPLOITS
Ransomware-192,CVE-2023-27350,EXPLOITS
Ransomware-193,CVE-2023-28252,EXPLOITS
Ransomware-194,CVE-2023-36884,EXPLOITS