:START_ID(Threat-Actor-ID),:END_ID(Cve-ID),:TYPE
Threat-Actor-0,CVE-2018-12596,EXPLOITS
Threat-Actor-0,CVE-2018-13379,EXPLOITS
Threat-Actor-0,CVE-2019-5591,EXPLOITS
Threat-Actor-0,CVE-2020-12812,EXPLOITS
Threat-Actor-0,CVE-2021-31207,EXPLOITS
Threat-Actor-0,CVE-2021-34473,EXPLOITS
Threat-Actor-0,CVE-2021-34523,EXPLOITS
Threat-Actor-0,CVE-2021-44228,EXPLOITS
Threat-Actor-1,CVE-2021-26855,EXPLOITS
Threat-Actor-1,CVE-2021-26857,EXPLOITS
Threat-Actor-1,CVE-2021-26858,EXPLOITS
Threat-Actor-1,CVE-2021-27065,EXPLOITS
Threat-Actor-1,CVE-2021-44228,EXPLOITS
Threat-Actor-2,CVE-2021-44228,EXPLOITS
Threat-Actor-3,CVE-2021-44228,EXPLOITS
Threat-Actor-4,CVE-2021-26084,EXPLOITS
Threat-Actor-4,CVE-2021-34473,EXPLOITS
Threat-Actor-4,CVE-2021-44228,EXPLOITS
Threat-Actor-5,CVE-2021-44228,EXPLOITS
Threat-Actor-6,CVE-2020-14750,EXPLOITS
Threat-Actor-6,CVE-2020-14882,EXPLOITS
Threat-Actor-6,CVE-2021-22941,EXPLOITS
Threat-Actor-6,CVE-2021-44228,EXPLOITS
Threat-Actor-7,CVE-2017-0147,EXPLOITS
Threat-Actor-7,CVE-2018-13374,EXPLOITS
Threat-Actor-7,CVE-2018-13379,EXPLOITS
Threat-Actor-7,CVE-2019-0667,EXPLOITS
Threat-Actor-7,CVE-2019-0797,EXPLOITS
Threat-Actor-7,CVE-2019-0808,EXPLOITS
Threat-Actor-7,CVE-2020-0796,EXPLOITS
Threat-Actor-7,CVE-2021-44228,EXPLOITS
Threat-Actor-8,CVE-2012-4792,EXPLOITS
Threat-Actor-8,CVE-2012-4969,EXPLOITS
Threat-Actor-8,CVE-2014-0322,EXPLOITS
Threat-Actor-8,CVE-2017-5638,EXPLOITS
Threat-Actor-8,CVE-2021-44228,EXPLOITS
Threat-Actor-9,CVE-2011-2462,EXPLOITS
Threat-Actor-9,CVE-2012-0158,EXPLOITS
Threat-Actor-9,CVE-2012-1889,EXPLOITS
Threat-Actor-9,CVE-2012-4792,EXPLOITS
Threat-Actor-9,CVE-2013-3163,EXPLOITS
Threat-Actor-9,CVE-2013-3893,EXPLOITS
Threat-Actor-9,CVE-2014-0322,EXPLOITS
Threat-Actor-9,CVE-2015-1641,EXPLOITS
Threat-Actor-9,CVE-2017-0199,EXPLOITS
Threat-Actor-9,CVE-2017-11882,EXPLOITS
Threat-Actor-9,CVE-2019-11510,EXPLOITS
Threat-Actor-9,CVE-2019-16278,EXPLOITS
Threat-Actor-9,CVE-2019-1652,EXPLOITS
Threat-Actor-9,CVE-2019-1653,EXPLOITS
Threat-Actor-9,CVE-2019-16920,EXPLOITS
Threat-Actor-9,CVE-2019-19781,EXPLOITS
Threat-Actor-9,CVE-2019-3396,EXPLOITS
Threat-Actor-9,CVE-2020-10189,EXPLOITS
Threat-Actor-9,CVE-2020-14882,EXPLOITS
Threat-Actor-9,CVE-2021-26855,EXPLOITS
Threat-Actor-9,CVE-2021-26857,EXPLOITS
Threat-Actor-9,CVE-2021-26858,EXPLOITS
Threat-Actor-9,CVE-2021-27065,EXPLOITS
Threat-Actor-9,CVE-2021-44228,EXPLOITS
Threat-Actor-10,CVE-2021-44228,EXPLOITS
Threat-Actor-11,CVE-2021-44228,EXPLOITS
Threat-Actor-12,CVE-2018-12596,EXPLOITS
Threat-Actor-12,CVE-2021-44228,EXPLOITS
Threat-Actor-13,CVE-2021-34527,EXPLOITS
Threat-Actor-13,CVE-2021-40444,EXPLOITS
Threat-Actor-14,CVE-2021-1675,EXPLOITS
Threat-Actor-14,CVE-2021-34527,EXPLOITS
Threat-Actor-15,CVE-2009-0927,EXPLOITS
Threat-Actor-15,CVE-2009-2990,EXPLOITS
Threat-Actor-15,CVE-2009-4324,EXPLOITS
Threat-Actor-16,CVE-2009-0927,EXPLOITS
Threat-Actor-16,CVE-2009-2990,EXPLOITS
Threat-Actor-16,CVE-2009-4324,EXPLOITS
Threat-Actor-17,CVE-2009-0927,EXPLOITS
Threat-Actor-17,CVE-2009-3129,EXPLOITS
Threat-Actor-17,CVE-2009-4324,EXPLOITS
Threat-Actor-17,CVE-2010-0188,EXPLOITS
Threat-Actor-17,CVE-2011-0609,EXPLOITS
Threat-Actor-17,CVE-2011-0611,EXPLOITS
Threat-Actor-17,CVE-2012-0158,EXPLOITS
Threat-Actor-18,CVE-2021-40444,EXPLOITS
Threat-Actor-19,CVE-2021-40444,EXPLOITS
Threat-Actor-20,CVE-2021-40444,EXPLOITS
Threat-Actor-21,CVE-2008-4250,EXPLOITS
Threat-Actor-21,CVE-2017-0143,EXPLOITS
Threat-Actor-21,CVE-2017-0199,EXPLOITS
Threat-Actor-21,CVE-2017-0262,EXPLOITS
Threat-Actor-21,CVE-2017-0263,EXPLOITS
Threat-Actor-21,CVE-2017-11882,EXPLOITS
Threat-Actor-21,CVE-2018-0802,EXPLOITS
Threat-Actor-21,CVE-2018-8174,EXPLOITS
Threat-Actor-22,CVE-2012-0158,EXPLOITS
Threat-Actor-22,CVE-2014-6352,EXPLOITS
Threat-Actor-22,CVE-2017-0199,EXPLOITS
Threat-Actor-22,CVE-2017-11882,EXPLOITS
Threat-Actor-22,CVE-2017-8759,EXPLOITS
Threat-Actor-22,CVE-2018-0802,EXPLOITS
Threat-Actor-23,CVE-2008-1436,EXPLOITS
Threat-Actor-23,CVE-2010-0738,EXPLOITS
Threat-Actor-23,CVE-2011-3544,EXPLOITS
Threat-Actor-23,CVE-2013-3906,EXPLOITS
Threat-Actor-23,CVE-2014-6324,EXPLOITS
Threat-Actor-23,CVE-2015-5119,EXPLOITS
Threat-Actor-23,CVE-2017-11882,EXPLOITS
Threat-Actor-23,CVE-2019-0604,EXPLOITS
Threat-Actor-23,CVE-2021-26855,EXPLOITS
Threat-Actor-23,CVE-2021-26857,EXPLOITS
Threat-Actor-23,CVE-2021-26858,EXPLOITS
Threat-Actor-23,CVE-2021-27065,EXPLOITS
Threat-Actor-23,CVE-2021-40539,EXPLOITS
Threat-Actor-23,CVE-2021-44077,EXPLOITS
Threat-Actor-24,CVE-2017-11882,EXPLOITS
Threat-Actor-25,CVE-2017-0199,EXPLOITS
Threat-Actor-25,CVE-2017-11882,EXPLOITS
Threat-Actor-25,CVE-2018-0798,EXPLOITS
Threat-Actor-25,CVE-2018-0802,EXPLOITS
Threat-Actor-26,CVE-2017-0199,EXPLOITS
Threat-Actor-26,CVE-2017-11882,EXPLOITS
Threat-Actor-27,CVE-2017-11882,EXPLOITS
Threat-Actor-27,CVE-2018-8174,EXPLOITS
Threat-Actor-28,CVE-2010-3333,EXPLOITS
Threat-Actor-28,CVE-2012-0158,EXPLOITS
Threat-Actor-28,CVE-2012-1856,EXPLOITS
Threat-Actor-28,CVE-2014-1761,EXPLOITS
Threat-Actor-28,CVE-2017-11882,EXPLOITS
Threat-Actor-28,CVE-2018-0802,EXPLOITS
Threat-Actor-29,CVE-2012-0158,EXPLOITS
Threat-Actor-29,CVE-2015-5119,EXPLOITS
Threat-Actor-29,CVE-2017-11882,EXPLOITS
Threat-Actor-29,CVE-2018-0802,EXPLOITS
Threat-Actor-30,CVE-2010-3333,EXPLOITS
Threat-Actor-30,CVE-2012-0158,EXPLOITS
Threat-Actor-30,CVE-2012-1856,EXPLOITS
Threat-Actor-30,CVE-2014-1761,EXPLOITS
Threat-Actor-30,CVE-2017-11882,EXPLOITS
Threat-Actor-30,CVE-2018-0802,EXPLOITS
Threat-Actor-31,CVE-2017-11882,EXPLOITS
Threat-Actor-31,CVE-2019-0604,EXPLOITS
Threat-Actor-31,CVE-2021-31207,EXPLOITS
Threat-Actor-31,CVE-2021-34473,EXPLOITS
Threat-Actor-31,CVE-2021-34523,EXPLOITS
Threat-Actor-32,CVE-2017-0199,EXPLOITS
Threat-Actor-32,CVE-2017-11882,EXPLOITS
Threat-Actor-32,CVE-2018-0798,EXPLOITS
Threat-Actor-32,CVE-2018-0802,EXPLOITS
Threat-Actor-33,CVE-2017-0199,EXPLOITS
Threat-Actor-33,CVE-2017-11882,EXPLOITS
Threat-Actor-34,CVE-2012-0158,EXPLOITS
Threat-Actor-34,CVE-2014-6352,EXPLOITS
Threat-Actor-34,CVE-2017-0199,EXPLOITS
Threat-Actor-34,CVE-2017-11882,EXPLOITS
Threat-Actor-34,CVE-2017-8759,EXPLOITS
Threat-Actor-34,CVE-2018-0802,EXPLOITS
Threat-Actor-35,CVE-2008-4250,EXPLOITS
Threat-Actor-35,CVE-2017-0143,EXPLOITS
Threat-Actor-35,CVE-2017-0199,EXPLOITS
Threat-Actor-35,CVE-2017-0262,EXPLOITS
Threat-Actor-35,CVE-2017-0263,EXPLOITS
Threat-Actor-35,CVE-2017-11882,EXPLOITS
Threat-Actor-35,CVE-2018-0802,EXPLOITS
Threat-Actor-35,CVE-2018-8174,EXPLOITS
Threat-Actor-36,CVE-2010-3333,EXPLOITS
Threat-Actor-36,CVE-2012-0158,EXPLOITS
Threat-Actor-36,CVE-2017-11882,EXPLOITS
Threat-Actor-36,CVE-2018-0802,EXPLOITS
Threat-Actor-37,CVE-2016-7255,EXPLOITS
Threat-Actor-37,CVE-2017-11882,EXPLOITS
Threat-Actor-38,CVE-2012-0158,EXPLOITS
Threat-Actor-38,CVE-2013-3660,EXPLOITS
Threat-Actor-38,CVE-2013-3906,EXPLOITS
Threat-Actor-38,CVE-2014-1761,EXPLOITS
Threat-Actor-38,CVE-2014-4113,EXPLOITS
Threat-Actor-38,CVE-2014-4114,EXPLOITS
Threat-Actor-38,CVE-2015-1641,EXPLOITS
Threat-Actor-38,CVE-2015-1701,EXPLOITS
Threat-Actor-38,CVE-2015-2545,EXPLOITS
Threat-Actor-38,CVE-2017-0199,EXPLOITS
Threat-Actor-38,CVE-2017-11882,EXPLOITS
Threat-Actor-38,CVE-2019-0604,EXPLOITS
Threat-Actor-39,CVE-2017-11882,EXPLOITS
Threat-Actor-40,CVE-2014-0224,EXPLOITS
Threat-Actor-40,CVE-2017-0199,EXPLOITS
Threat-Actor-40,CVE-2017-11882,EXPLOITS
Threat-Actor-40,CVE-2019-2215,EXPLOITS
Threat-Actor-41,CVE-2010-2883,EXPLOITS
Threat-Actor-41,CVE-2012-0158,EXPLOITS
Threat-Actor-41,CVE-2014-6332,EXPLOITS
Threat-Actor-41,CVE-2017-11882,EXPLOITS
Threat-Actor-42,CVE-2017-11882,EXPLOITS
Threat-Actor-42,CVE-2018-0798,EXPLOITS
Threat-Actor-42,CVE-2018-0802,EXPLOITS
Threat-Actor-42,CVE-2019-0604,EXPLOITS
Threat-Actor-43,CVE-2012-0158,EXPLOITS
Threat-Actor-43,CVE-2015-1641,EXPLOITS
Threat-Actor-43,CVE-2017-0199,EXPLOITS
Threat-Actor-43,CVE-2017-11882,EXPLOITS
Threat-Actor-43,CVE-2019-11510,EXPLOITS
Threat-Actor-43,CVE-2019-16278,EXPLOITS
Threat-Actor-43,CVE-2019-1652,EXPLOITS
Threat-Actor-43,CVE-2019-1653,EXPLOITS
Threat-Actor-43,CVE-2019-16920,EXPLOITS
Threat-Actor-43,CVE-2019-19781,EXPLOITS
Threat-Actor-43,CVE-2019-3396,EXPLOITS
Threat-Actor-43,CVE-2020-10189,EXPLOITS
Threat-Actor-44,CVE-2012-0158,EXPLOITS
Threat-Actor-44,CVE-2017-11882,EXPLOITS
Threat-Actor-44,CVE-2018-0798,EXPLOITS
Threat-Actor-44,CVE-2021-1732,EXPLOITS
Threat-Actor-44,CVE-2021-28310,EXPLOITS
Threat-Actor-45,CVE-2017-0199,EXPLOITS
Threat-Actor-45,CVE-2017-11882,EXPLOITS
Threat-Actor-45,CVE-2018-0802,EXPLOITS
Threat-Actor-46,CVE-2012-0158,EXPLOITS
Threat-Actor-46,CVE-2015-1641,EXPLOITS
Threat-Actor-46,CVE-2015-2545,EXPLOITS
Threat-Actor-46,CVE-2016-4117,EXPLOITS
Threat-Actor-46,CVE-2017-0199,EXPLOITS
Threat-Actor-46,CVE-2017-11882,EXPLOITS
Threat-Actor-46,CVE-2017-8570,EXPLOITS
Threat-Actor-46,CVE-2017-8759,EXPLOITS
Threat-Actor-46,CVE-2018-15982,EXPLOITS
Threat-Actor-46,CVE-2018-8174,EXPLOITS
Threat-Actor-47,CVE-2012-0158,EXPLOITS
Threat-Actor-47,CVE-2015-1641,EXPLOITS
Threat-Actor-47,CVE-2015-2545,EXPLOITS
Threat-Actor-47,CVE-2016-4117,EXPLOITS
Threat-Actor-47,CVE-2017-0199,EXPLOITS
Threat-Actor-47,CVE-2017-11882,EXPLOITS
Threat-Actor-47,CVE-2017-8570,EXPLOITS
Threat-Actor-47,CVE-2017-8759,EXPLOITS
Threat-Actor-47,CVE-2018-15982,EXPLOITS
Threat-Actor-47,CVE-2018-8174,EXPLOITS
Threat-Actor-48,CVE-2014-0224,EXPLOITS
Threat-Actor-48,CVE-2017-0199,EXPLOITS
Threat-Actor-48,CVE-2017-11882,EXPLOITS
Threat-Actor-48,CVE-2019-2215,EXPLOITS
Threat-Actor-49,CVE-2017-0199,EXPLOITS
Threat-Actor-49,CVE-2017-11882,EXPLOITS
Threat-Actor-50,CVE-2017-11882,EXPLOITS
Threat-Actor-50,CVE-2018-0798,EXPLOITS
Threat-Actor-50,CVE-2018-0802,EXPLOITS
Threat-Actor-51,CVE-2017-0199,EXPLOITS
Threat-Actor-51,CVE-2017-11882,EXPLOITS
Threat-Actor-52,CVE-2017-11882,EXPLOITS
Threat-Actor-52,CVE-2017-8759,EXPLOITS
Threat-Actor-53,CVE-2014-0497,EXPLOITS
Threat-Actor-53,CVE-2015-8651,EXPLOITS
Threat-Actor-53,CVE-2017-0147,EXPLOITS
Threat-Actor-53,CVE-2017-0199,EXPLOITS
Threat-Actor-53,CVE-2017-11882,EXPLOITS
Threat-Actor-53,CVE-2017-8570,EXPLOITS
Threat-Actor-53,CVE-2018-8174,EXPLOITS
Threat-Actor-53,CVE-2019-1367,EXPLOITS
Threat-Actor-53,CVE-2019-13720,EXPLOITS
Threat-Actor-53,CVE-2019-17026,EXPLOITS
Threat-Actor-53,CVE-2020-0674,EXPLOITS
Threat-Actor-54,CVE-2012-0158,EXPLOITS
Threat-Actor-54,CVE-2017-11882,EXPLOITS
Threat-Actor-55,CVE-2014-0497,EXPLOITS
Threat-Actor-55,CVE-2015-8651,EXPLOITS
Threat-Actor-55,CVE-2017-0147,EXPLOITS
Threat-Actor-55,CVE-2017-0199,EXPLOITS
Threat-Actor-55,CVE-2017-11882,EXPLOITS
Threat-Actor-55,CVE-2017-8570,EXPLOITS
Threat-Actor-55,CVE-2018-8174,EXPLOITS
Threat-Actor-55,CVE-2019-1367,EXPLOITS
Threat-Actor-55,CVE-2019-13720,EXPLOITS
Threat-Actor-55,CVE-2019-17026,EXPLOITS
Threat-Actor-55,CVE-2020-0674,EXPLOITS
Threat-Actor-56,CVE-2016-7255,EXPLOITS
Threat-Actor-56,CVE-2017-11882,EXPLOITS
Threat-Actor-57,CVE-2012-0158,EXPLOITS
Threat-Actor-57,CVE-2012-2539,EXPLOITS
Threat-Actor-57,CVE-2013-3660,EXPLOITS
Threat-Actor-57,CVE-2013-3906,EXPLOITS
Threat-Actor-57,CVE-2014-1761,EXPLOITS
Threat-Actor-57,CVE-2014-4113,EXPLOITS
Threat-Actor-57,CVE-2014-4114,EXPLOITS
Threat-Actor-57,CVE-2015-1641,EXPLOITS
Threat-Actor-57,CVE-2015-1701,EXPLOITS
Threat-Actor-57,CVE-2015-1770,EXPLOITS
Threat-Actor-57,CVE-2015-2545,EXPLOITS
Threat-Actor-57,CVE-2017-0199,EXPLOITS
Threat-Actor-57,CVE-2017-11882,EXPLOITS
Threat-Actor-57,CVE-2019-0604,EXPLOITS
Threat-Actor-58,CVE-2012-0158,EXPLOITS
Threat-Actor-58,CVE-2017-11882,EXPLOITS
Threat-Actor-58,CVE-2018-0802,EXPLOITS
Threat-Actor-59,CVE-2017-0199,EXPLOITS
Threat-Actor-59,CVE-2020-0688,EXPLOITS
Threat-Actor-59,CVE-2020-1472,EXPLOITS
Threat-Actor-60,CVE-2017-0199,EXPLOITS
Threat-Actor-60,CVE-2020-0688,EXPLOITS
Threat-Actor-60,CVE-2020-1472,EXPLOITS
Threat-Actor-61,CVE-2019-1322,EXPLOITS
Threat-Actor-61,CVE-2019-1405,EXPLOITS
Threat-Actor-61,CVE-2020-1472,EXPLOITS
Threat-Actor-61,CVE-2021-35211,EXPLOITS
Threat-Actor-62,CVE-2010-1855,EXPLOITS
Threat-Actor-62,CVE-2011-0611,EXPLOITS
Threat-Actor-62,CVE-2011-1255,EXPLOITS
Threat-Actor-62,CVE-2012-1889,EXPLOITS
Threat-Actor-62,CVE-2014-0322,EXPLOITS
Threat-Actor-62,CVE-2015-5119,EXPLOITS
Threat-Actor-62,CVE-2020-1472,EXPLOITS
Threat-Actor-63,CVE-2019-1322,EXPLOITS
Threat-Actor-63,CVE-2019-1405,EXPLOITS
Threat-Actor-63,CVE-2020-1472,EXPLOITS
Threat-Actor-63,CVE-2021-35211,EXPLOITS
Threat-Actor-64,CVE-2017-0143,EXPLOITS
Threat-Actor-64,CVE-2020-1472,EXPLOITS
Threat-Actor-65,CVE-2012-0507,EXPLOITS
Threat-Actor-65,CVE-2014-1761,EXPLOITS
Threat-Actor-65,CVE-2018-13379,EXPLOITS
Threat-Actor-65,CVE-2019-10149,EXPLOITS
Threat-Actor-65,CVE-2019-11510,EXPLOITS
Threat-Actor-65,CVE-2019-19781,EXPLOITS
Threat-Actor-65,CVE-2020-0688,EXPLOITS
Threat-Actor-65,CVE-2020-1472,EXPLOITS
Threat-Actor-65,CVE-2020-2021,EXPLOITS
Threat-Actor-65,CVE-2020-4006,EXPLOITS
Threat-Actor-66,CVE-2012-0507,EXPLOITS
Threat-Actor-66,CVE-2018-13379,EXPLOITS
Threat-Actor-66,CVE-2019-10149,EXPLOITS
Threat-Actor-66,CVE-2019-11510,EXPLOITS
Threat-Actor-66,CVE-2019-19781,EXPLOITS
Threat-Actor-66,CVE-2020-0688,EXPLOITS
Threat-Actor-66,CVE-2020-1472,EXPLOITS
Threat-Actor-66,CVE-2020-2021,EXPLOITS
Threat-Actor-67,CVE-2012-0507,EXPLOITS
Threat-Actor-67,CVE-2018-13379,EXPLOITS
Threat-Actor-67,CVE-2019-10149,EXPLOITS
Threat-Actor-67,CVE-2019-11510,EXPLOITS
Threat-Actor-67,CVE-2019-19781,EXPLOITS
Threat-Actor-67,CVE-2020-0688,EXPLOITS
Threat-Actor-67,CVE-2020-1472,EXPLOITS
Threat-Actor-67,CVE-2020-2021,EXPLOITS
Threat-Actor-68,CVE-2017-0199,EXPLOITS
Threat-Actor-69,CVE-2012-0158,EXPLOITS
Threat-Actor-69,CVE-2012-1856,EXPLOITS
Threat-Actor-69,CVE-2014-1761,EXPLOITS
Threat-Actor-69,CVE-2014-4114,EXPLOITS
Threat-Actor-69,CVE-2014-6352,EXPLOITS
Threat-Actor-69,CVE-2015-1641,EXPLOITS
Threat-Actor-69,CVE-2017-0199,EXPLOITS
Threat-Actor-69,CVE-2017-8570,EXPLOITS
Threat-Actor-70,CVE-2017-0199,EXPLOITS
Threat-Actor-71,CVE-2017-0199,EXPLOITS
Threat-Actor-71,CVE-2018-13379,EXPLOITS
Threat-Actor-71,CVE-2019-11510,EXPLOITS
Threat-Actor-71,CVE-2019-1579,EXPLOITS
Threat-Actor-71,CVE-2019-19781,EXPLOITS
Threat-Actor-71,CVE-2020-5902,EXPLOITS
Threat-Actor-71,CVE-2020-8193,EXPLOITS
Threat-Actor-71,CVE-2020-8195,EXPLOITS
Threat-Actor-71,CVE-2020-8196,EXPLOITS
Threat-Actor-72,CVE-2012-0158,EXPLOITS
Threat-Actor-72,CVE-2014-6352,EXPLOITS
Threat-Actor-72,CVE-2015-5119,EXPLOITS
Threat-Actor-72,CVE-2017-0199,EXPLOITS
Threat-Actor-72,CVE-2017-7269,EXPLOITS
Threat-Actor-73,CVE-2017-0199,EXPLOITS
Threat-Actor-74,CVE-2017-0199,EXPLOITS
Threat-Actor-74,CVE-2018-13379,EXPLOITS
Threat-Actor-74,CVE-2019-11510,EXPLOITS
Threat-Actor-74,CVE-2019-1579,EXPLOITS
Threat-Actor-74,CVE-2019-19781,EXPLOITS
Threat-Actor-74,CVE-2020-5902,EXPLOITS
Threat-Actor-74,CVE-2020-8193,EXPLOITS
Threat-Actor-74,CVE-2020-8195,EXPLOITS
Threat-Actor-74,CVE-2020-8196,EXPLOITS
Threat-Actor-75,CVE-2017-0199,EXPLOITS
Threat-Actor-76,CVE-2015-6585,EXPLOITS
Threat-Actor-76,CVE-2015-8651,EXPLOITS
Threat-Actor-76,CVE-2016-0034,EXPLOITS
Threat-Actor-76,CVE-2016-1019,EXPLOITS
Threat-Actor-76,CVE-2016-4117,EXPLOITS
Threat-Actor-76,CVE-2017-0144,EXPLOITS
Threat-Actor-76,CVE-2017-0145,EXPLOITS
Threat-Actor-76,CVE-2017-0199,EXPLOITS
Threat-Actor-76,CVE-2018-4878,EXPLOITS
Threat-Actor-76,CVE-2021-1647,EXPLOITS
Threat-Actor-76,CVE-2021-26411,EXPLOITS
Threat-Actor-77,CVE-2012-0158,EXPLOITS
Threat-Actor-77,CVE-2012-1856,EXPLOITS
Threat-Actor-77,CVE-2014-1761,EXPLOITS
Threat-Actor-77,CVE-2014-4114,EXPLOITS
Threat-Actor-77,CVE-2014-6352,EXPLOITS
Threat-Actor-77,CVE-2015-1641,EXPLOITS
Threat-Actor-77,CVE-2017-0199,EXPLOITS
Threat-Actor-77,CVE-2017-8570,EXPLOITS
Threat-Actor-78,CVE-2012-0158,EXPLOITS
Threat-Actor-78,CVE-2017-0199,EXPLOITS
Threat-Actor-79,CVE-2015-6585,EXPLOITS
Threat-Actor-79,CVE-2015-8651,EXPLOITS
Threat-Actor-79,CVE-2016-0034,EXPLOITS
Threat-Actor-79,CVE-2016-1019,EXPLOITS
Threat-Actor-79,CVE-2016-4117,EXPLOITS
Threat-Actor-79,CVE-2017-0144,EXPLOITS
Threat-Actor-79,CVE-2017-0145,EXPLOITS
Threat-Actor-79,CVE-2017-0199,EXPLOITS
Threat-Actor-79,CVE-2018-4878,EXPLOITS
Threat-Actor-79,CVE-2021-1647,EXPLOITS
Threat-Actor-79,CVE-2021-26411,EXPLOITS
Threat-Actor-79,CVE-2022-0609,EXPLOITS
Threat-Actor-80,CVE-2013-1347,EXPLOITS
Threat-Actor-80,CVE-2013-1493,EXPLOITS
Threat-Actor-80,CVE-2013-2423,EXPLOITS
Threat-Actor-80,CVE-2014-9163,EXPLOITS
Threat-Actor-80,CVE-2015-0071,EXPLOITS
Threat-Actor-80,CVE-2015-7501,EXPLOITS
Threat-Actor-80,CVE-2017-0199,EXPLOITS
Threat-Actor-81,CVE-2012-0158,EXPLOITS
Threat-Actor-81,CVE-2014-6352,EXPLOITS
Threat-Actor-81,CVE-2015-5119,EXPLOITS
Threat-Actor-81,CVE-2017-0199,EXPLOITS
Threat-Actor-81,CVE-2017-7269,EXPLOITS
Threat-Actor-82,CVE-2013-4979,EXPLOITS
Threat-Actor-82,CVE-2014-8439,EXPLOITS
Threat-Actor-82,CVE-2015-2545,EXPLOITS
Threat-Actor-82,CVE-2015-3043,EXPLOITS
Threat-Actor-82,CVE-2015-3105,EXPLOITS
Threat-Actor-82,CVE-2015-5119,EXPLOITS
Threat-Actor-82,CVE-2015-5122,EXPLOITS
Threat-Actor-82,CVE-2015-7645,EXPLOITS
Threat-Actor-82,CVE-2016-0189,EXPLOITS
Threat-Actor-82,CVE-2016-1019,EXPLOITS
Threat-Actor-82,CVE-2016-4117,EXPLOITS
Threat-Actor-82,CVE-2016-4171,EXPLOITS
Threat-Actor-82,CVE-2017-0199,EXPLOITS
Threat-Actor-82,CVE-2018-0802,EXPLOITS
Threat-Actor-82,CVE-2018-4878,EXPLOITS
Threat-Actor-82,CVE-2018-8120,EXPLOITS
Threat-Actor-82,CVE-2019-13720,EXPLOITS
Threat-Actor-82,CVE-2020-0986,EXPLOITS
Threat-Actor-82,CVE-2020-1380,EXPLOITS
Threat-Actor-82,CVE-2021-26411,EXPLOITS
Threat-Actor-83,CVE-2017-0199,EXPLOITS
Threat-Actor-84,CVE-2013-4979,EXPLOITS
Threat-Actor-84,CVE-2014-8439,EXPLOITS
Threat-Actor-84,CVE-2015-2419,EXPLOITS
Threat-Actor-84,CVE-2015-2545,EXPLOITS
Threat-Actor-84,CVE-2015-3043,EXPLOITS
Threat-Actor-84,CVE-2015-3105,EXPLOITS
Threat-Actor-84,CVE-2015-5119,EXPLOITS
Threat-Actor-84,CVE-2015-5122,EXPLOITS
Threat-Actor-84,CVE-2015-7645,EXPLOITS
Threat-Actor-84,CVE-2016-0189,EXPLOITS
Threat-Actor-84,CVE-2016-1019,EXPLOITS
Threat-Actor-84,CVE-2016-4117,EXPLOITS
Threat-Actor-84,CVE-2016-4171,EXPLOITS
Threat-Actor-84,CVE-2017-0199,EXPLOITS
Threat-Actor-84,CVE-2018-0802,EXPLOITS
Threat-Actor-84,CVE-2018-4878,EXPLOITS
Threat-Actor-84,CVE-2018-8120,EXPLOITS
Threat-Actor-84,CVE-2019-13720,EXPLOITS
Threat-Actor-84,CVE-2020-0986,EXPLOITS
Threat-Actor-84,CVE-2020-1380,EXPLOITS
Threat-Actor-84,CVE-2021-26411,EXPLOITS
Threat-Actor-85,CVE-2012-0158,EXPLOITS
Threat-Actor-85,CVE-2017-0199,EXPLOITS
Threat-Actor-86,CVE-2017-0199,EXPLOITS
Threat-Actor-87,CVE-2017-0199,EXPLOITS
Threat-Actor-88,CVE-2017-0199,EXPLOITS
Threat-Actor-89,CVE-2010-3333,EXPLOITS
Threat-Actor-89,CVE-2012-0158,EXPLOITS
Threat-Actor-89,CVE-2015-1641,EXPLOITS
Threat-Actor-89,CVE-2015-1770,EXPLOITS
Threat-Actor-89,CVE-2017-0199,EXPLOITS
Threat-Actor-90,CVE-2009-1151,EXPLOITS
Threat-Actor-90,CVE-2014-6271,EXPLOITS
Threat-Actor-90,CVE-2017-12617,EXPLOITS
Threat-Actor-90,CVE-2017-3881,EXPLOITS
Threat-Actor-90,CVE-2017-6736,EXPLOITS
Threat-Actor-90,CVE-2018-0296,EXPLOITS
Threat-Actor-90,CVE-2018-7600,EXPLOITS
Threat-Actor-91,CVE-2017-10271,EXPLOITS
Threat-Actor-91,CVE-2017-3066,EXPLOITS
Threat-Actor-92,CVE-2007-5633,EXPLOITS
Threat-Actor-92,CVE-2017-0144,EXPLOITS
Threat-Actor-92,CVE-2019-0708,EXPLOITS
Threat-Actor-93,CVE-2015-1641,EXPLOITS
Threat-Actor-93,CVE-2017-0144,EXPLOITS
Threat-Actor-93,CVE-2019-0604,EXPLOITS
Threat-Actor-93,CVE-2019-0708,EXPLOITS
Threat-Actor-94,CVE-2018-13379,EXPLOITS
Threat-Actor-94,CVE-2019-5591,EXPLOITS
Threat-Actor-94,CVE-2020-12812,EXPLOITS
Threat-Actor-94,CVE-2021-34473,EXPLOITS
Threat-Actor-95,CVE-2018-13379,EXPLOITS
Threat-Actor-95,CVE-2019-11510,EXPLOITS
Threat-Actor-95,CVE-2019-1653,EXPLOITS
Threat-Actor-95,CVE-2019-19781,EXPLOITS
Threat-Actor-95,CVE-2019-2725,EXPLOITS
Threat-Actor-95,CVE-2019-7609,EXPLOITS
Threat-Actor-95,CVE-2019-9670,EXPLOITS
Threat-Actor-95,CVE-2020-14882,EXPLOITS
Threat-Actor-95,CVE-2020-4006,EXPLOITS
Threat-Actor-95,CVE-2020-5902,EXPLOITS
Threat-Actor-95,CVE-2021-1879,EXPLOITS
Threat-Actor-95,CVE-2021-21972,EXPLOITS
Threat-Actor-95,CVE-2021-22893,EXPLOITS
Threat-Actor-95,CVE-2021-26855,EXPLOITS
Threat-Actor-95,CVE-2021-36934,EXPLOITS
Threat-Actor-96,CVE-2010-0806,EXPLOITS
Threat-Actor-96,CVE-2010-2883,EXPLOITS
Threat-Actor-96,CVE-2010-3654,EXPLOITS
Threat-Actor-96,CVE-2011-2462,EXPLOITS
Threat-Actor-96,CVE-2012-1723,EXPLOITS
Threat-Actor-96,CVE-2012-1889,EXPLOITS
Threat-Actor-96,CVE-2012-4969,EXPLOITS
Threat-Actor-96,CVE-2013-0640,EXPLOITS
Threat-Actor-97,CVE-2010-0806,EXPLOITS
Threat-Actor-97,CVE-2010-2883,EXPLOITS
Threat-Actor-97,CVE-2010-3654,EXPLOITS
Threat-Actor-97,CVE-2011-2462,EXPLOITS
Threat-Actor-97,CVE-2012-1723,EXPLOITS
Threat-Actor-97,CVE-2012-1889,EXPLOITS
Threat-Actor-97,CVE-2012-4969,EXPLOITS
Threat-Actor-97,CVE-2013-0640,EXPLOITS
Threat-Actor-98,CVE-2010-3333,EXPLOITS
Threat-Actor-98,CVE-2013-0640,EXPLOITS
Threat-Actor-98,CVE-2013-0641,EXPLOITS
Threat-Actor-99,CVE-2014-4114,EXPLOITS
Threat-Actor-99,CVE-2016-7836,EXPLOITS
Threat-Actor-99,CVE-2018-0798,EXPLOITS
Threat-Actor-99,CVE-2018-0802,EXPLOITS
Threat-Actor-99,CVE-2019-18187,EXPLOITS
Threat-Actor-99,CVE-2021-26855,EXPLOITS
Threat-Actor-99,CVE-2021-26857,EXPLOITS
Threat-Actor-99,CVE-2021-26858,EXPLOITS
Threat-Actor-99,CVE-2021-27065,EXPLOITS
Threat-Actor-100,CVE-2018-8174,EXPLOITS
Threat-Actor-100,CVE-2021-26855,EXPLOITS
Threat-Actor-100,CVE-2021-26857,EXPLOITS
Threat-Actor-100,CVE-2021-26858,EXPLOITS
Threat-Actor-100,CVE-2021-27065,EXPLOITS
Threat-Actor-101,CVE-2021-26855,EXPLOITS
Threat-Actor-101,CVE-2021-31207,EXPLOITS
Threat-Actor-101,CVE-2021-34473,EXPLOITS
Threat-Actor-101,CVE-2021-34523,EXPLOITS
Threat-Actor-102,CVE-2019-11510,EXPLOITS
Threat-Actor-102,CVE-2021-26855,EXPLOITS
Threat-Actor-102,CVE-2021-26857,EXPLOITS
Threat-Actor-102,CVE-2021-26858,EXPLOITS
Threat-Actor-102,CVE-2021-27065,EXPLOITS
Threat-Actor-103,CVE-2011-0611,EXPLOITS
Threat-Actor-103,CVE-2014-4114,EXPLOITS
Threat-Actor-103,CVE-2014-6332,EXPLOITS
Threat-Actor-103,CVE-2016-7836,EXPLOITS
Threat-Actor-103,CVE-2018-0798,EXPLOITS
Threat-Actor-103,CVE-2018-0802,EXPLOITS
Threat-Actor-103,CVE-2019-18187,EXPLOITS
Threat-Actor-103,CVE-2021-26855,EXPLOITS
Threat-Actor-103,CVE-2021-26857,EXPLOITS
Threat-Actor-103,CVE-2021-26858,EXPLOITS
Threat-Actor-103,CVE-2021-27065,EXPLOITS
Threat-Actor-104,CVE-2018-8405,EXPLOITS
Threat-Actor-104,CVE-2018-8406,EXPLOITS
Threat-Actor-104,CVE-2021-20016,EXPLOITS
Threat-Actor-104,CVE-2021-26855,EXPLOITS
Threat-Actor-104,CVE-2021-27065,EXPLOITS
Threat-Actor-104,CVE-2021-30116,EXPLOITS
Threat-Actor-104,CVE-2021-30119,EXPLOITS
Threat-Actor-105,CVE-2017-0143,EXPLOITS
Threat-Actor-105,CVE-2021-26855,EXPLOITS
Threat-Actor-105,CVE-2021-26857,EXPLOITS
Threat-Actor-105,CVE-2021-26858,EXPLOITS
Threat-Actor-105,CVE-2021-27065,EXPLOITS
Threat-Actor-106,CVE-2019-11510,EXPLOITS
Threat-Actor-106,CVE-2019-16278,EXPLOITS
Threat-Actor-106,CVE-2019-1652,EXPLOITS
Threat-Actor-106,CVE-2019-1653,EXPLOITS
Threat-Actor-106,CVE-2019-16920,EXPLOITS
Threat-Actor-106,CVE-2019-19781,EXPLOITS
Threat-Actor-106,CVE-2020-10189,EXPLOITS
Threat-Actor-106,CVE-2021-26855,EXPLOITS
Threat-Actor-106,CVE-2021-26857,EXPLOITS
Threat-Actor-106,CVE-2021-26858,EXPLOITS
Threat-Actor-106,CVE-2021-27065,EXPLOITS
Threat-Actor-107,CVE-2018-8174,EXPLOITS
Threat-Actor-107,CVE-2021-26855,EXPLOITS
Threat-Actor-107,CVE-2021-26857,EXPLOITS
Threat-Actor-107,CVE-2021-26858,EXPLOITS
Threat-Actor-107,CVE-2021-27065,EXPLOITS
Threat-Actor-108,CVE-2021-26855,EXPLOITS
Threat-Actor-108,CVE-2021-26857,EXPLOITS
Threat-Actor-108,CVE-2021-26858,EXPLOITS
Threat-Actor-108,CVE-2021-27065,EXPLOITS
Threat-Actor-109,CVE-2018-8453,EXPLOITS
Threat-Actor-109,CVE-2019-11510,EXPLOITS
Threat-Actor-109,CVE-2019-19781,EXPLOITS
Threat-Actor-109,CVE-2019-2725,EXPLOITS
Threat-Actor-110,CVE-2020-5902,EXPLOITS
Threat-Actor-111,CVE-2021-22205,EXPLOITS
Threat-Actor-111,CVE-2021-22893,EXPLOITS
Threat-Actor-111,CVE-2021-26084,EXPLOITS
Threat-Actor-111,CVE-2021-40539,EXPLOITS
Threat-Actor-111,CVE-2021-44077,EXPLOITS
Threat-Actor-111,CVE-2021-44515,EXPLOITS
Threat-Actor-112,CVE-2012-0158,EXPLOITS
Threat-Actor-112,CVE-2015-1641,EXPLOITS
Threat-Actor-113,CVE-2012-0158,EXPLOITS
Threat-Actor-114,CVE-2012-0158,EXPLOITS
Threat-Actor-114,CVE-2012-2539,EXPLOITS
Threat-Actor-114,CVE-2013-5014,EXPLOITS
Threat-Actor-114,CVE-2013-5015,EXPLOITS
Threat-Actor-114,CVE-2014-0322,EXPLOITS
Threat-Actor-114,CVE-2014-1761,EXPLOITS
Threat-Actor-115,CVE-2012-0158,EXPLOITS
Threat-Actor-115,CVE-2015-1641,EXPLOITS
Threat-Actor-116,CVE-2012-0158,EXPLOITS
Threat-Actor-117,CVE-2009-3129,EXPLOITS
Threat-Actor-117,CVE-2010-2883,EXPLOITS
Threat-Actor-117,CVE-2010-3333,EXPLOITS
Threat-Actor-117,CVE-2012-0158,EXPLOITS
Threat-Actor-117,CVE-2012-4969,EXPLOITS
Threat-Actor-118,CVE-2010-3333,EXPLOITS
Threat-Actor-118,CVE-2012-0158,EXPLOITS
Threat-Actor-119,CVE-2012-0158,EXPLOITS
Threat-Actor-119,CVE-2014-1761,EXPLOITS
Threat-Actor-120,CVE-2009-3129,EXPLOITS
Threat-Actor-120,CVE-2009-4324,EXPLOITS
Threat-Actor-120,CVE-2010-1297,EXPLOITS
Threat-Actor-120,CVE-2010-2883,EXPLOITS
Threat-Actor-120,CVE-2011-0611,EXPLOITS
Threat-Actor-120,CVE-2012-0158,EXPLOITS
Threat-Actor-120,CVE-2014-1761,EXPLOITS
Threat-Actor-121,CVE-2010-3333,EXPLOITS
Threat-Actor-121,CVE-2012-0158,EXPLOITS
Threat-Actor-121,CVE-2012-1856,EXPLOITS
Threat-Actor-122,CVE-2009-3129,EXPLOITS
Threat-Actor-122,CVE-2010-3333,EXPLOITS
Threat-Actor-122,CVE-2011-3544,EXPLOITS
Threat-Actor-122,CVE-2012-0158,EXPLOITS
Threat-Actor-123,CVE-2010-3333,EXPLOITS
Threat-Actor-123,CVE-2012-0158,EXPLOITS
Threat-Actor-123,CVE-2013-3660,EXPLOITS
Threat-Actor-123,CVE-2013-3906,EXPLOITS
Threat-Actor-123,CVE-2014-1761,EXPLOITS
Threat-Actor-123,CVE-2016-0189,EXPLOITS
Threat-Actor-124,CVE-2012-0158,EXPLOITS
Threat-Actor-124,CVE-2012-4792,EXPLOITS
Threat-Actor-125,CVE-2010-3333,EXPLOITS
Threat-Actor-125,CVE-2012-0158,EXPLOITS
Threat-Actor-125,CVE-2012-1856,EXPLOITS
Threat-Actor-126,CVE-2012-0158,EXPLOITS
Threat-Actor-126,CVE-2012-1723,EXPLOITS
Threat-Actor-126,CVE-2012-1856,EXPLOITS
Threat-Actor-126,CVE-2013-0422,EXPLOITS
Threat-Actor-127,CVE-2009-3129,EXPLOITS
Threat-Actor-127,CVE-2010-3333,EXPLOITS
Threat-Actor-127,CVE-2012-0158,EXPLOITS
Threat-Actor-127,CVE-2013-1347,EXPLOITS
Threat-Actor-127,CVE-2013-2729,EXPLOITS
Threat-Actor-127,CVE-2013-3897,EXPLOITS
Threat-Actor-127,CVE-2013-3906,EXPLOITS
Threat-Actor-127,CVE-2014-0515,EXPLOITS
Threat-Actor-127,CVE-2014-1761,EXPLOITS
Threat-Actor-127,CVE-2014-1776,EXPLOITS
Threat-Actor-127,CVE-2014-4076,EXPLOITS
Threat-Actor-127,CVE-2015-1641,EXPLOITS
Threat-Actor-127,CVE-2015-1642,EXPLOITS
Threat-Actor-127,CVE-2015-1701,EXPLOITS
Threat-Actor-127,CVE-2015-2387,EXPLOITS
Threat-Actor-127,CVE-2015-2424,EXPLOITS
Threat-Actor-127,CVE-2015-2590,EXPLOITS
Threat-Actor-127,CVE-2015-3043,EXPLOITS
Threat-Actor-127,CVE-2015-4902,EXPLOITS
Threat-Actor-127,CVE-2015-5119,EXPLOITS
Threat-Actor-127,CVE-2015-7645,EXPLOITS
Threat-Actor-127,CVE-2016-1019,EXPLOITS
Threat-Actor-127,CVE-2016-4117,EXPLOITS
Threat-Actor-127,CVE-2016-7255,EXPLOITS
Threat-Actor-127,CVE-2016-7855,EXPLOITS
Threat-Actor-127,CVE-2017-0144,EXPLOITS
Threat-Actor-127,CVE-2017-0262,EXPLOITS
Threat-Actor-127,CVE-2017-0263,EXPLOITS
Threat-Actor-128,CVE-2012-0158,EXPLOITS
Threat-Actor-129,CVE-2012-0158,EXPLOITS
Threat-Actor-129,CVE-2013-3906,EXPLOITS
Threat-Actor-129,CVE-2014-1761,EXPLOITS
Threat-Actor-129,CVE-2015-1641,EXPLOITS
Threat-Actor-130,CVE-2012-0158,EXPLOITS
Threat-Actor-131,CVE-2014-0515,EXPLOITS
Threat-Actor-131,CVE-2015-5119,EXPLOITS
Threat-Actor-131,CVE-2015-5122,EXPLOITS
Threat-Actor-132,CVE-2015-5119,EXPLOITS
Threat-Actor-132,CVE-2015-5122,EXPLOITS
Threat-Actor-133,CVE-2015-5119,EXPLOITS
Threat-Actor-133,CVE-2016-0984,EXPLOITS
Threat-Actor-133,CVE-2016-4117,EXPLOITS
Threat-Actor-133,CVE-2017-11292,EXPLOITS
Threat-Actor-133,CVE-2017-8759,EXPLOITS
Threat-Actor-134,CVE-2015-5119,EXPLOITS
Threat-Actor-135,CVE-2014-0497,EXPLOITS
Threat-Actor-135,CVE-2014-3153,EXPLOITS
Threat-Actor-135,CVE-2015-0349,EXPLOITS
Threat-Actor-135,CVE-2015-2387,EXPLOITS
Threat-Actor-135,CVE-2015-2419,EXPLOITS
Threat-Actor-135,CVE-2015-2425,EXPLOITS
Threat-Actor-135,CVE-2015-2426,EXPLOITS
Threat-Actor-135,CVE-2015-5119,EXPLOITS
Threat-Actor-135,CVE-2015-5122,EXPLOITS
Threat-Actor-135,CVE-2015-5123,EXPLOITS
Threat-Actor-135,CVE-2016-0034,EXPLOITS
Threat-Actor-136,CVE-2019-11510,EXPLOITS
Threat-Actor-136,CVE-2020-8243,EXPLOITS
Threat-Actor-136,CVE-2020-8260,EXPLOITS
Threat-Actor-136,CVE-2021-20021,EXPLOITS
Threat-Actor-136,CVE-2021-20023,EXPLOITS
Threat-Actor-136,CVE-2021-22893,EXPLOITS
Threat-Actor-137,CVE-2019-11510,EXPLOITS
Threat-Actor-137,CVE-2020-8243,EXPLOITS
Threat-Actor-137,CVE-2020-8260,EXPLOITS
Threat-Actor-137,CVE-2021-22893,EXPLOITS
Threat-Actor-138,CVE-2009-3129,EXPLOITS
Threat-Actor-138,CVE-2012-1723,EXPLOITS
Threat-Actor-138,CVE-2012-4681,EXPLOITS
Threat-Actor-138,CVE-2013-2729,EXPLOITS
Threat-Actor-138,CVE-2013-3346,EXPLOITS
Threat-Actor-138,CVE-2013-5065,EXPLOITS
Threat-Actor-138,CVE-2016-7255,EXPLOITS
Threat-Actor-138,CVE-2017-0001,EXPLOITS
Threat-Actor-138,CVE-2017-0261,EXPLOITS
Threat-Actor-138,CVE-2017-0262,EXPLOITS
Threat-Actor-138,CVE-2017-0263,EXPLOITS
Threat-Actor-138,CVE-2019-11510,EXPLOITS
Threat-Actor-138,CVE-2020-0688,EXPLOITS
Threat-Actor-139,CVE-2019-11510,EXPLOITS
Threat-Actor-139,CVE-2020-8243,EXPLOITS
Threat-Actor-139,CVE-2020-8260,EXPLOITS
Threat-Actor-139,CVE-2021-22893,EXPLOITS
Threat-Actor-140,CVE-2017-7269,EXPLOITS
Threat-Actor-141,CVE-1999-0192,EXPLOITS
Threat-Actor-141,CVE-2001-0236,EXPLOITS
Threat-Actor-141,CVE-2001-0550,EXPLOITS
Threat-Actor-141,CVE-2001-0690,EXPLOITS
Threat-Actor-141,CVE-2001-0797,EXPLOITS
Threat-Actor-141,CVE-2003-0109,EXPLOITS
Threat-Actor-141,CVE-2003-0127,EXPLOITS
Threat-Actor-141,CVE-2003-0201,EXPLOITS
Threat-Actor-141,CVE-2003-0352,EXPLOITS
Threat-Actor-141,CVE-2003-0681,EXPLOITS
Threat-Actor-141,CVE-2004-1315,EXPLOITS
Threat-Actor-141,CVE-2006-3439,EXPLOITS
Threat-Actor-141,CVE-2010-2568,EXPLOITS
Threat-Actor-141,CVE-2011-3402,EXPLOITS
Threat-Actor-141,CVE-2011-4130,EXPLOITS
Threat-Actor-141,CVE-2012-0159,EXPLOITS
Threat-Actor-141,CVE-2012-1723,EXPLOITS
Threat-Actor-141,CVE-2012-4681,EXPLOITS
Threat-Actor-141,CVE-2013-3918,EXPLOITS
Threat-Actor-141,CVE-2014-4148,EXPLOITS
Threat-Actor-141,CVE-2014-6324,EXPLOITS
Threat-Actor-141,CVE-2015-2360,EXPLOITS
Threat-Actor-141,CVE-2016-6366,EXPLOITS
Threat-Actor-141,CVE-2016-6367,EXPLOITS
Threat-Actor-141,CVE-2016-6415,EXPLOITS
Threat-Actor-141,CVE-2016-6909,EXPLOITS
Threat-Actor-141,CVE-2016-7089,EXPLOITS
Threat-Actor-141,CVE-2017-0005,EXPLOITS
Threat-Actor-141,CVE-2017-0143,EXPLOITS
Threat-Actor-141,CVE-2017-0144,EXPLOITS
Threat-Actor-141,CVE-2017-0145,EXPLOITS
Threat-Actor-141,CVE-2017-3622,EXPLOITS
Threat-Actor-141,CVE-2017-3623,EXPLOITS
Threat-Actor-142,CVE-2010-3962,EXPLOITS
Threat-Actor-142,CVE-2014-1776,EXPLOITS
Threat-Actor-142,CVE-2015-3113,EXPLOITS
Threat-Actor-142,CVE-2017-0143,EXPLOITS
Threat-Actor-142,CVE-2017-0145,EXPLOITS
Threat-Actor-142,CVE-2019-0703,EXPLOITS
Threat-Actor-143,CVE-2015-6585,EXPLOITS
Threat-Actor-143,CVE-2015-8651,EXPLOITS
Threat-Actor-143,CVE-2016-0034,EXPLOITS
Threat-Actor-143,CVE-2016-1019,EXPLOITS
Threat-Actor-143,CVE-2016-4117,EXPLOITS
Threat-Actor-143,CVE-2017-0144,EXPLOITS
Threat-Actor-143,CVE-2017-0145,EXPLOITS
Threat-Actor-143,CVE-2018-4878,EXPLOITS
Threat-Actor-144,CVE-2017-12149,EXPLOITS
Threat-Actor-144,CVE-2021-31207,EXPLOITS
Threat-Actor-144,CVE-2021-34473,EXPLOITS
Threat-Actor-144,CVE-2021-34523,EXPLOITS
Threat-Actor-145,CVE-2012-4792,EXPLOITS
Threat-Actor-145,CVE-2012-4969,EXPLOITS
Threat-Actor-145,CVE-2014-0322,EXPLOITS
Threat-Actor-145,CVE-2017-5638,EXPLOITS
Threat-Actor-146,CVE-2012-3152,EXPLOITS
Threat-Actor-146,CVE-2019-11581,EXPLOITS
Threat-Actor-146,CVE-2019-3396,EXPLOITS
Threat-Actor-147,CVE-2011-3402,EXPLOITS
Threat-Actor-147,CVE-2014-4148,EXPLOITS
Threat-Actor-147,CVE-2014-6324,EXPLOITS
Threat-Actor-147,CVE-2015-2360,EXPLOITS
Threat-Actor-148,CVE-2010-0806,EXPLOITS
Threat-Actor-148,CVE-2010-1297,EXPLOITS
Threat-Actor-148,CVE-2010-2883,EXPLOITS
Threat-Actor-148,CVE-2010-2884,EXPLOITS
Threat-Actor-148,CVE-2010-3333,EXPLOITS
Threat-Actor-148,CVE-2012-4681,EXPLOITS
Threat-Actor-148,CVE-2015-2545,EXPLOITS
Threat-Actor-149,CVE-2010-0806,EXPLOITS
Threat-Actor-149,CVE-2010-1297,EXPLOITS
Threat-Actor-149,CVE-2010-2883,EXPLOITS
Threat-Actor-149,CVE-2010-2884,EXPLOITS
Threat-Actor-149,CVE-2010-3333,EXPLOITS
Threat-Actor-149,CVE-2012-4681,EXPLOITS
Threat-Actor-149,CVE-2015-2545,EXPLOITS
Threat-Actor-150,CVE-2010-2883,EXPLOITS
Threat-Actor-150,CVE-2010-3333,EXPLOITS
Threat-Actor-150,CVE-2010-3654,EXPLOITS
Threat-Actor-150,CVE-2011-0611,EXPLOITS
Threat-Actor-150,CVE-2011-2462,EXPLOITS
Threat-Actor-151,CVE-2018-0798,EXPLOITS
Threat-Actor-151,CVE-2021-31207,EXPLOITS
Threat-Actor-151,CVE-2021-34473,EXPLOITS
Threat-Actor-151,CVE-2021-34523,EXPLOITS
Threat-Actor-152,CVE-2018-0798,EXPLOITS
Threat-Actor-153,CVE-2018-0798,EXPLOITS
Threat-Actor-154,CVE-2018-0798,EXPLOITS
Threat-Actor-155,CVE-2018-20250,EXPLOITS
Threat-Actor-156,CVE-2018-20250,EXPLOITS
Threat-Actor-157,CVE-2017-11774,EXPLOITS
Threat-Actor-157,CVE-2018-20250,EXPLOITS
Threat-Actor-158,CVE-2017-11774,EXPLOITS
Threat-Actor-158,CVE-2018-20250,EXPLOITS
Threat-Actor-159,CVE-2017-8570,EXPLOITS
Threat-Actor-160,CVE-2017-8570,EXPLOITS
Threat-Actor-161,CVE-2014-4114,EXPLOITS
Threat-Actor-162,CVE-2013-3906,EXPLOITS
Threat-Actor-162,CVE-2014-4114,EXPLOITS
Threat-Actor-162,CVE-2019-10149,EXPLOITS
Threat-Actor-163,CVE-2013-3906,EXPLOITS
Threat-Actor-163,CVE-2014-4114,EXPLOITS
Threat-Actor-163,CVE-2019-10149,EXPLOITS
Threat-Actor-163,CVE-2022-23176,EXPLOITS
Threat-Actor-164,CVE-2021-31207,EXPLOITS
Threat-Actor-164,CVE-2021-34473,EXPLOITS
Threat-Actor-164,CVE-2021-34523,EXPLOITS
Threat-Actor-164,CVE-2021-36942,EXPLOITS
Threat-Actor-165,CVE-2021-31207,EXPLOITS
Threat-Actor-165,CVE-2021-34473,EXPLOITS
Threat-Actor-165,CVE-2021-34523,EXPLOITS
Threat-Actor-166,CVE-2021-31207,EXPLOITS
Threat-Actor-166,CVE-2021-34473,EXPLOITS
Threat-Actor-166,CVE-2021-34523,EXPLOITS
Threat-Actor-167,CVE-2021-31207,EXPLOITS
Threat-Actor-167,CVE-2021-34473,EXPLOITS
Threat-Actor-167,CVE-2021-34523,EXPLOITS
Threat-Actor-168,CVE-2018-8174,EXPLOITS
Threat-Actor-169,CVE-2014-6332,EXPLOITS
Threat-Actor-170,CVE-2011-0611,EXPLOITS
Threat-Actor-170,CVE-2012-1723,EXPLOITS
Threat-Actor-170,CVE-2012-4792,EXPLOITS
Threat-Actor-170,CVE-2013-1347,EXPLOITS
Threat-Actor-170,CVE-2013-2465,EXPLOITS
Threat-Actor-170,CVE-2015-5374,EXPLOITS
Threat-Actor-171,CVE-2017-11317,EXPLOITS
Threat-Actor-171,CVE-2019-18935,EXPLOITS
Threat-Actor-172,CVE-2019-18935,EXPLOITS
Threat-Actor-173,CVE-2011-3544,EXPLOITS
Threat-Actor-173,CVE-2012-1723,EXPLOITS
Threat-Actor-173,CVE-2012-1875,EXPLOITS
Threat-Actor-173,CVE-2012-1889,EXPLOITS
Threat-Actor-173,CVE-2013-0634,EXPLOITS
Threat-Actor-173,CVE-2013-1493,EXPLOITS
Threat-Actor-173,CVE-2013-3893,EXPLOITS
Threat-Actor-173,CVE-2014-0322,EXPLOITS
Threat-Actor-174,CVE-2011-3544,EXPLOITS
Threat-Actor-174,CVE-2012-1723,EXPLOITS
Threat-Actor-174,CVE-2012-1875,EXPLOITS
Threat-Actor-174,CVE-2012-1889,EXPLOITS
Threat-Actor-174,CVE-2013-0634,EXPLOITS
Threat-Actor-174,CVE-2013-1493,EXPLOITS
Threat-Actor-174,CVE-2013-3893,EXPLOITS
Threat-Actor-174,CVE-2014-0322,EXPLOITS
Threat-Actor-175,CVE-2016-4117,EXPLOITS
Threat-Actor-176,CVE-2016-4117,EXPLOITS
Threat-Actor-177,CVE-2015-8651,EXPLOITS
Threat-Actor-177,CVE-2016-0162,EXPLOITS
Threat-Actor-177,CVE-2016-1019,EXPLOITS
Threat-Actor-177,CVE-2016-3298,EXPLOITS
Threat-Actor-177,CVE-2016-3351,EXPLOITS
Threat-Actor-177,CVE-2016-4117,EXPLOITS
Threat-Actor-178,CVE-2014-0322,EXPLOITS
Threat-Actor-178,CVE-2014-4113,EXPLOITS
Threat-Actor-179,CVE-2011-2462,EXPLOITS
Threat-Actor-179,CVE-2012-1889,EXPLOITS
Threat-Actor-179,CVE-2012-4792,EXPLOITS
Threat-Actor-179,CVE-2013-3163,EXPLOITS
Threat-Actor-179,CVE-2013-3893,EXPLOITS
Threat-Actor-179,CVE-2014-0322,EXPLOITS
Threat-Actor-180,CVE-2010-0249,EXPLOITS
Threat-Actor-180,CVE-2011-0609,EXPLOITS
Threat-Actor-180,CVE-2011-0611,EXPLOITS
Threat-Actor-180,CVE-2011-2110,EXPLOITS
Threat-Actor-180,CVE-2012-0779,EXPLOITS
Threat-Actor-180,CVE-2012-1535,EXPLOITS
Threat-Actor-180,CVE-2012-1875,EXPLOITS
Threat-Actor-180,CVE-2012-1889,EXPLOITS
Threat-Actor-181,CVE-2015-5122,EXPLOITS
Threat-Actor-182,CVE-2011-2462,EXPLOITS
Threat-Actor-182,CVE-2011-3544,EXPLOITS
Threat-Actor-183,CVE-2018-15982,EXPLOITS
Threat-Actor-184,CVE-2018-15982,EXPLOITS
Threat-Actor-185,CVE-2011-0611,EXPLOITS
Threat-Actor-186,CVE-2011-0611,EXPLOITS
Threat-Actor-187,CVE-2015-1701,EXPLOITS
Threat-Actor-187,CVE-2015-2545,EXPLOITS
Threat-Actor-187,CVE-2015-2546,EXPLOITS
Threat-Actor-188,CVE-2015-1701,EXPLOITS
Threat-Actor-188,CVE-2015-2545,EXPLOITS
Threat-Actor-189,CVE-2015-2545,EXPLOITS
Threat-Actor-190,CVE-2013-1331,EXPLOITS
Threat-Actor-190,CVE-2013-7331,EXPLOITS
Threat-Actor-190,CVE-2015-2545,EXPLOITS
Threat-Actor-191,CVE-2018-8414,EXPLOITS
Threat-Actor-192,CVE-2019-1458,EXPLOITS
Threat-Actor-193,CVE-2019-13720,EXPLOITS
Threat-Actor-193,CVE-2019-1458,EXPLOITS
Threat-Actor-194,CVE-2019-5544,EXPLOITS
Threat-Actor-194,CVE-2020-3992,EXPLOITS
Threat-Actor-195,CVE-2018-8453,EXPLOITS
Threat-Actor-195,CVE-2018-8589,EXPLOITS
Threat-Actor-195,CVE-2018-8611,EXPLOITS
Threat-Actor-195,CVE-2019-0797,EXPLOITS
Threat-Actor-196,CVE-2016-3393,EXPLOITS
Threat-Actor-196,CVE-2018-5002,EXPLOITS
Threat-Actor-196,CVE-2018-8453,EXPLOITS
Threat-Actor-196,CVE-2018-8589,EXPLOITS
Threat-Actor-196,CVE-2018-8611,EXPLOITS
Threat-Actor-196,CVE-2019-0797,EXPLOITS
Threat-Actor-197,CVE-2020-0787,EXPLOITS
Threat-Actor-198,CVE-2021-20016,EXPLOITS
Threat-Actor-199,CVE-2015-2051,EXPLOITS
Threat-Actor-199,CVE-2018-10562,EXPLOITS
Threat-Actor-200,CVE-2018-8440,EXPLOITS
Threat-Actor-201,CVE-2017-0213,EXPLOITS
Threat-Actor-202,CVE-2010-4398,EXPLOITS
Threat-Actor-202,CVE-2011-2005,EXPLOITS
Threat-Actor-202,CVE-2013-3660,EXPLOITS
Threat-Actor-203,CVE-2010-4398,EXPLOITS
Threat-Actor-203,CVE-2011-2005,EXPLOITS
Threat-Actor-203,CVE-2013-3660,EXPLOITS
Threat-Actor-204,CVE-2017-0005,EXPLOITS
Threat-Actor-204,CVE-2019-0803,EXPLOITS
Threat-Actor-205,CVE-2017-0005,EXPLOITS
Threat-Actor-205,CVE-2019-0803,EXPLOITS
Threat-Actor-206,CVE-2016-0167,EXPLOITS
Threat-Actor-207,CVE-2020-0986,EXPLOITS
Threat-Actor-207,CVE-2020-1380,EXPLOITS
Threat-Actor-208,CVE-2020-0968,EXPLOITS
Threat-Actor-209,CVE-2014-0160,EXPLOITS
Threat-Actor-210,CVE-2021-40449,EXPLOITS
Threat-Actor-211,CVE-2021-40449,EXPLOITS
Threat-Actor-212,CVE-2022-22954,EXPLOITS
Threat-Actor-213,CVE-2014-4148,EXPLOITS
Threat-Actor-213,CVE-2017-3881,EXPLOITS
Threat-Actor-214,CVE-2017-5070,EXPLOITS
Threat-Actor-214,CVE-2018-17463,EXPLOITS
Threat-Actor-214,CVE-2018-6065,EXPLOITS
Threat-Actor-214,CVE-2019-5825,EXPLOITS
Threat-Actor-215,CVE-2001-0507,EXPLOITS
Threat-Actor-215,CVE-2010-5326,EXPLOITS
Threat-Actor-215,CVE-2015-7450,EXPLOITS
Threat-Actor-215,CVE-2017-1000486,EXPLOITS
Threat-Actor-216,CVE-2021-21220,EXPLOITS
Threat-Actor-216,CVE-2021-21224,EXPLOITS
Threat-Actor-216,CVE-2021-31955,EXPLOITS
Threat-Actor-216,CVE-2021-31956,EXPLOITS
Threat-Actor-217,CVE-2019-13720,EXPLOITS
Threat-Actor-218,CVE-2016-4655,EXPLOITS
Threat-Actor-218,CVE-2016-4656,EXPLOITS
Threat-Actor-218,CVE-2016-4657,EXPLOITS
Threat-Actor-218,CVE-2019-2215,EXPLOITS
Threat-Actor-218,CVE-2019-3568,EXPLOITS
Threat-Actor-219,CVE-2021-20021,EXPLOITS
Threat-Actor-219,CVE-2021-20022,EXPLOITS
Threat-Actor-219,CVE-2021-20023,EXPLOITS
Threat-Actor-220,CVE-2021-31979,EXPLOITS
Threat-Actor-220,CVE-2021-33771,EXPLOITS
Threat-Actor-221,CVE-2014-0515,EXPLOITS
Threat-Actor-221,CVE-2014-0546,EXPLOITS
Threat-Actor-222,CVE-2016-9079,EXPLOITS
Threat-Actor-223,CVE-2014-8361,EXPLOITS
Threat-Actor-223,CVE-2015-2052,EXPLOITS
Threat-Actor-223,CVE-2017-17215,EXPLOITS
Threat-Actor-224,CVE-2016-0051,EXPLOITS
Threat-Actor-225,CVE-2007-5633,EXPLOITS
Threat-Actor-225,CVE-2009-0824,EXPLOITS
Threat-Actor-225,CVE-2010-1592,EXPLOITS
Threat-Actor-226,CVE-2019-5736,EXPLOITS
Threat-Actor-227,CVE-2022-24934,EXPLOITS
Threat-Actor-228,CVE-2015-5374,EXPLOITS
Threat-Actor-229,CVE-2020-15368,EXPLOITS
Threat-Actor-230,CVE-2015-6585,EXPLOITS