Threat-Actor-0,Charming Kitten,Threat_Actors
Threat-Actor-1,HAFNIUM,Threat_Actors
Threat-Actor-2,North Korea Attribution,Threat_Actors
Threat-Actor-3,Turkey Attribution,Threat_Actors
Threat-Actor-4,DEV-0401,Threat_Actors
Threat-Actor-5,Nemesis Kitten,Threat_Actors
Threat-Actor-6,Prophet Spider,Threat_Actors
Threat-Actor-7,Wizard Spider,Threat_Actors
Threat-Actor-8,Deep Panda,Threat_Actors
Threat-Actor-9,Wicked Panda,Threat_Actors
Threat-Actor-10,Doppel Spider,Threat_Actors
Threat-Actor-11,Aquatic Panda,Threat_Actors
Threat-Actor-12,APT35,Threat_Actors
Threat-Actor-13,Russia Attribution,Threat_Actors
Threat-Actor-14,Vice Society,Threat_Actors
Threat-Actor-15,Shadow Network,Threat_Actors
Threat-Actor-16,Shadow,Threat_Actors
Threat-Actor-17,Numbered Panda,Threat_Actors
Threat-Actor-18,DEV-0413,Threat_Actors
Threat-Actor-19,DEV-0365,Threat_Actors
Threat-Actor-20,DEV-0193,Threat_Actors
Threat-Actor-21,Whisper Spider,Threat_Actors
Threat-Actor-22,Kryptonite Panda,Threat_Actors
Threat-Actor-23,Emissary Panda,Threat_Actors
Threat-Actor-24,SideCopy,Threat_Actors
Threat-Actor-25,Velvet Chollima,Threat_Actors
Threat-Actor-26,APT34,Threat_Actors
Threat-Actor-27,Kabar Cobra,Threat_Actors
Threat-Actor-28,Inception Framework,Threat_Actors
Threat-Actor-29,Goblin Panda,Threat_Actors
Threat-Actor-30,Inception,Threat_Actors
Threat-Actor-31,TA410,Threat_Actors
Threat-Actor-32,Kimsuky,Threat_Actors
Threat-Actor-33,OilRig,Threat_Actors
Threat-Actor-34,Leviathan,Threat_Actors
Threat-Actor-35,Silence,Threat_Actors
Threat-Actor-36,Pirate Panda,Threat_Actors
Threat-Actor-37,Ocean Buffalo,Threat_Actors
Threat-Actor-38,FIN7,Threat_Actors
Threat-Actor-39,BunseTech,Threat_Actors
Threat-Actor-40,Razor Tiger,Threat_Actors
Threat-Actor-41,Spring Dragon,Threat_Actors
Threat-Actor-42,UNC215,Threat_Actors
Threat-Actor-43,APT41,Threat_Actors
Threat-Actor-44,Bitter,Threat_Actors
Threat-Actor-45,RedAlpha,Threat_Actors
Threat-Actor-46,Cobalt Spider,Threat_Actors
Threat-Actor-47,Cobalt,Threat_Actors
Threat-Actor-48,SideWinder,Threat_Actors
Threat-Actor-49,GreyEnergy,Threat_Actors
Threat-Actor-50,Nomad Panda,Threat_Actors
Threat-Actor-51,Helix Kitten,Threat_Actors
Threat-Actor-52,Sweed,Threat_Actors
Threat-Actor-53,DarkHotel,Threat_Actors
Threat-Actor-54,SilverTerrier,Threat_Actors
Threat-Actor-55,Shadow Crane,Threat_Actors
Threat-Actor-56,APT32,Threat_Actors
Threat-Actor-57,Carbon Spider,Threat_Actors
Threat-Actor-58,Cloud Atlas,Threat_Actors
Threat-Actor-59,MuddyWater,Threat_Actors
Threat-Actor-60,Static Kitten,Threat_Actors
Threat-Actor-61,Graceful Spider,Threat_Actors
Threat-Actor-62,Dust Storm,Threat_Actors
Threat-Actor-63,TA505,Threat_Actors
Threat-Actor-64,Stone Panda,Threat_Actors
Threat-Actor-65,Berserk Bear,Threat_Actors
Threat-Actor-66,TeamSpy,Threat_Actors
Threat-Actor-67,Anger Bear,Threat_Actors
Threat-Actor-68,Gamaredon,Threat_Actors
Threat-Actor-69,Dropping Elephant,Threat_Actors
Threat-Actor-70,CHRYSENE,Threat_Actors
Threat-Actor-71,PARASITE,Threat_Actors
Threat-Actor-72,Circuit Panda,Threat_Actors
Threat-Actor-73,Molerats,Threat_Actors
Threat-Actor-74,Pioneer Kitten,Threat_Actors
Threat-Actor-75,CopyKittens,Threat_Actors
Threat-Actor-76,Lazarus Group,Threat_Actors
Threat-Actor-77,Quilted Tiger,Threat_Actors
Threat-Actor-78,Gorgon Group,Threat_Actors
Threat-Actor-79,Stardust Chollima,Threat_Actors
Threat-Actor-80,Codoso,Threat_Actors
Threat-Actor-81,BlackTech,Threat_Actors
Threat-Actor-82,APT37,Threat_Actors
Threat-Actor-83,Primitive Bear,Threat_Actors
Threat-Actor-84,Ricochet Chollima,Threat_Actors
Threat-Actor-85,Subaat,Threat_Actors
Threat-Actor-86,Mustang Panda,Threat_Actors
Threat-Actor-87,TA459,Threat_Actors
Threat-Actor-88,Slayer Kitten,Threat_Actors
Threat-Actor-89,Mythic Leopard,Threat_Actors
Threat-Actor-90,Sea Turtle,Threat_Actors
Threat-Actor-91,Rocke,Threat_Actors
Threat-Actor-92,Invisimole,Threat_Actors
Threat-Actor-93,Microcin,Threat_Actors
Threat-Actor-94,Iran Attribution,Threat_Actors
Threat-Actor-95,Cozy Bear,Threat_Actors
Threat-Actor-96,Samurai Panda,Threat_Actors
Threat-Actor-97,sykipot,Threat_Actors
Threat-Actor-98,ItaDuke,Threat_Actors
Threat-Actor-99,Bronze Butler,Threat_Actors
Threat-Actor-100,Karma Panda,Threat_Actors
Threat-Actor-101,UNC2596,Threat_Actors
Threat-Actor-102,Black Kingdom,Threat_Actors
Threat-Actor-103,Stalker Panda,Threat_Actors
Threat-Actor-104,Pinchy Spider,Threat_Actors
Threat-Actor-105,Calypso,Threat_Actors
Threat-Actor-106,Winnti,Threat_Actors
Threat-Actor-107,CactusPete,Threat_Actors
Threat-Actor-108,FamousSparrow,Threat_Actors
Threat-Actor-109,Gold Southfield,Threat_Actors
Threat-Actor-110,BackdoorDiplomacy,Threat_Actors
Threat-Actor-111,China Attribution,Threat_Actors
Threat-Actor-112,The White Company,Threat_Actors
Threat-Actor-113,APT.3102,Threat_Actors
Threat-Actor-114,Pitty Panda,Threat_Actors
Threat-Actor-115,DragonOK,Threat_Actors
Threat-Actor-116,Putter Panda,Threat_Actors
Threat-Actor-117,Scarlet Mimic,Threat_Actors
Threat-Actor-118,NetTraveler,Threat_Actors
Threat-Actor-119,Roaming Tiger,Threat_Actors
Threat-Actor-120,Taidoor,Threat_Actors
Threat-Actor-121,Lotus Panda,Threat_Actors
Threat-Actor-122,Red October,Threat_Actors
Threat-Actor-123,BuhTrap,Threat_Actors
Threat-Actor-124,Viceroy Tiger,Threat_Actors
Threat-Actor-125,Naikon,Threat_Actors
Threat-Actor-126,Dagger Panda,Threat_Actors
Threat-Actor-127,Fancy Bear,Threat_Actors
Threat-Actor-128,Toxic Panda,Threat_Actors
Threat-Actor-129,ModifiedElephant,Threat_Actors
Threat-Actor-130,Temper Panda,Threat_Actors
Threat-Actor-131,Violin Panda,Threat_Actors
Threat-Actor-132,Dynamite Panda,Threat_Actors
Threat-Actor-133,BlackOasis,Threat_Actors
Threat-Actor-134,Blue Termite,Threat_Actors
Threat-Actor-135,Hacking Team,Threat_Actors
Threat-Actor-136,UNC2630,Threat_Actors
Threat-Actor-137,UNC2717,Threat_Actors
Threat-Actor-138,Venomous Bear,Threat_Actors
Threat-Actor-139,Keyhole Panda,Threat_Actors
Threat-Actor-140,TunnelSnake,Threat_Actors
Threat-Actor-141,Equation Group,Threat_Actors
Threat-Actor-142,Gothic Panda,Threat_Actors
Threat-Actor-143,APT38,Threat_Actors
Threat-Actor-144,ChamelGang,Threat_Actors
Threat-Actor-145,Shell Crew,Threat_Actors
Threat-Actor-146,Volatile Cedar,Threat_Actors
Threat-Actor-147,Duqu,Threat_Actors
Threat-Actor-148,Vixen Panda,Threat_Actors
Threat-Actor-149,K3chang,Threat_Actors
Threat-Actor-150,Luckycat,Threat_Actors
Threat-Actor-151,Vicious Panda,Threat_Actors
Threat-Actor-152,Rancor,Threat_Actors
Threat-Actor-153,Higaisa,Threat_Actors
Threat-Actor-154,TA428,Threat_Actors
Threat-Actor-155,Goldmouse,Threat_Actors
Threat-Actor-156,Syrian Electronic Army,Threat_Actors
Threat-Actor-157,Elfin,Threat_Actors
Threat-Actor-158,Refined Kitten,Threat_Actors
Threat-Actor-159,Bahamut,Threat_Actors
Threat-Actor-160,Donot,Threat_Actors
Threat-Actor-161,Group5,Threat_Actors
Threat-Actor-162,Sandworm,Threat_Actors
Threat-Actor-163,Voodoo Bear,Threat_Actors
Threat-Actor-164,Tortilla,Threat_Actors
Threat-Actor-165,UNC2980,Threat_Actors
Threat-Actor-166,RedFoxtrot,Threat_Actors
Threat-Actor-167,SparklingGoblin,Threat_Actors
Threat-Actor-168,HookAds,Threat_Actors
Threat-Actor-169,Suckfly,Threat_Actors
Threat-Actor-170,Energetic Bear,Threat_Actors
Threat-Actor-171,Blue Mockingbird,Threat_Actors
Threat-Actor-172,SnapMC,Threat_Actors
Threat-Actor-173,Hidden Lynx,Threat_Actors
Threat-Actor-174,Aurora Panda,Threat_Actors
Threat-Actor-175,NEODYMIUM,Threat_Actors
Threat-Actor-176,PROMETHIUM,Threat_Actors
Threat-Actor-177,AdGholas,Threat_Actors
Threat-Actor-178,Hurricane Panda,Threat_Actors
Threat-Actor-179,Group 72,Threat_Actors
Threat-Actor-180,Sneaky Panda,Threat_Actors
Threat-Actor-181,Turbine Panda,Threat_Actors
Threat-Actor-182,Careto,Threat_Actors
Threat-Actor-183,Poison Needles,Threat_Actors
Threat-Actor-184,Golden Falcon,Threat_Actors
Threat-Actor-185,Comment Panda,Threat_Actors
Threat-Actor-186,Comment Crew,Threat_Actors
Threat-Actor-187,APT16,Threat_Actors
Threat-Actor-188,Danti,Threat_Actors
Threat-Actor-189,SVCMONDR,Threat_Actors
Threat-Actor-190,PLATINUM,Threat_Actors
Threat-Actor-191,DarkHydrus,Threat_Actors
Threat-Actor-192,Antlion,Threat_Actors
Threat-Actor-193,Wizard Opium,Threat_Actors
Threat-Actor-194,Sprite Spider,Threat_Actors
Threat-Actor-195,Sandcat,Threat_Actors
Threat-Actor-196,FruityArmor,Threat_Actors
Threat-Actor-197,UNC2198,Threat_Actors
Threat-Actor-198,UNC2659,Threat_Actors
Threat-Actor-199,Mozi,Threat_Actors
Threat-Actor-200,PowerPool,Threat_Actors
Threat-Actor-201,Viking Spider,Threat_Actors
Threat-Actor-202,Skeleton Spider,Threat_Actors
Threat-Actor-203,FIN6,Threat_Actors
Threat-Actor-204,Judgment Panda,Threat_Actors
Threat-Actor-205,Judgement Panda,Threat_Actors
Threat-Actor-206,FIN8,Threat_Actors
Threat-Actor-207,PowerFall,Threat_Actors
Threat-Actor-208,XDSpy,Threat_Actors
Threat-Actor-209,RASPITE,Threat_Actors
Threat-Actor-210,MysterySnail,Threat_Actors
Threat-Actor-211,IronHusky,Threat_Actors
Threat-Actor-212,Rocket Kitten,Threat_Actors
Threat-Actor-213,Longhorn,Threat_Actors
Threat-Actor-214,POISON CARP,Threat_Actors
Threat-Actor-215,Elephant Beetle,Threat_Actors
Threat-Actor-216,PuzzleMaker,Threat_Actors
Threat-Actor-217,luoxk,Threat_Actors
Threat-Actor-218,NSO Group,Threat_Actors
Threat-Actor-219,UNC2682,Threat_Actors
Threat-Actor-220,Sourgum,Threat_Actors
Threat-Actor-221,Animal Farm,Threat_Actors
Threat-Actor-222,Exodus Intelligence,Threat_Actors
Threat-Actor-223,Nexus Zeta,Threat_Actors
Threat-Actor-224,Whitefly,Threat_Actors
Threat-Actor-225,Slingshot,Threat_Actors
Threat-Actor-226,TeamTNT,Threat_Actors
Threat-Actor-227,Operation Dragon Castling,Threat_Actors
Threat-Actor-228,ELECTRUM,Threat_Actors
Threat-Actor-229,CHERNOVITE,Threat_Actors
Threat-Actor-230,Silent Chollima,Threat_Actors
